ISO3;Location;DataId;Indicator;Value;Precision;DHS_CountryCode;CountryName;SurveyYear;SurveyId;IndicatorId;IndicatorOrder;IndicatorType;CharacteristicId;CharacteristicOrder;CharacteristicCategory;CharacteristicLabel;ByVariableId;ByVariableLabel;IsTotal;IsPreferred;SDRID;RegionId;SurveyYearLabel;SurveyType;DenominatorWeighted;DenominatorUnweighted;CILow;CIHigh;LevelRank
ZAF;Western  Cape;933882;Total fertility rate 15-49;2.3;1;ZA;South Africa;1998;ZA1998DHS;FE_FRTR_W_TFR;11763080;I;455001;1455001;Region;Western  Cape;0;;0;1;FEFRTRWTFR;ZADHS1998455001;1998;DHS;;;;;1
ZAF;Eastern Cape;933876;Total fertility rate 15-49;3.5;1;ZA;South Africa;1998;ZA1998DHS;FE_FRTR_W_TFR;11763080;I;455002;1455002;Region;Eastern Cape;0;;0;1;FEFRTRWTFR;ZADHS1998455002;1998;DHS;;;;;1
ZAF;Northern Cape;917085;Total fertility rate 15-49;2.7;1;ZA;South Africa;1998;ZA1998DHS;FE_FRTR_W_TFR;11763080;I;455003;1455003;Region;Northern Cape;0;;0;1;FEFRTRWTFR;ZADHS1998455003;1998;DHS;;;;;1
ZAF;Free State;925694;Total fertility rate 15-49;2.2;1;ZA;South Africa;1998;ZA1998DHS;FE_FRTR_W_TFR;11763080;I;455004;1455004;Region;Free State;0;;0;1;FEFRTRWTFR;ZADHS1998455004;1998;DHS;;;;;1
ZAF;KwaZulu Natal;925716;Total fertility rate 15-49;3.3;1;ZA;South Africa;1998;ZA1998DHS;FE_FRTR_W_TFR;11763080;I;455005;1455005;Region;KwaZulu Natal;0;;0;1;FEFRTRWTFR;ZADHS1998455005;1998;DHS;;;;;1
ZAF;North West;941208;Total fertility rate 15-49;2.4;1;ZA;South Africa;1998;ZA1998DHS;FE_FRTR_W_TFR;11763080;I;455006;1455006;Region;North West;0;;0;1;FEFRTRWTFR;ZADHS1998455006;1998;DHS;;;;;1
ZAF;Gauteng;917068;Total fertility rate 15-49;2.3;1;ZA;South Africa;1998;ZA1998DHS;FE_FRTR_W_TFR;11763080;I;455007;1455007;Region;Gauteng;0;;0;1;FEFRTRWTFR;ZADHS1998455007;1998;DHS;;;;;1
ZAF;Mpumalanga;933907;Total fertility rate 15-49;3.1;1;ZA;South Africa;1998;ZA1998DHS;FE_FRTR_W_TFR;11763080;I;455008;1455008;Region;Mpumalanga;0;;0;1;FEFRTRWTFR;ZADHS1998455008;1998;DHS;;;;;1
ZAF;Northern Province;917266;Total fertility rate 15-49;3.9;1;ZA;South Africa;1998;ZA1998DHS;FE_FRTR_W_TFR;11763080;I;455009;1455009;Region;Northern Province;0;;0;1;FEFRTRWTFR;ZADHS1998455009;1998;DHS;;;;;1
ZAF;Western  Cape;547888;Married women currently using any method of contraception;70.9;1;ZA;South Africa;1998;ZA1998DHS;FP_CUSM_W_ANY;32633010;I;455001;1455001;Region;Western  Cape;0;;0;1;FPCUSMWANY;ZADHS1998455001;1998;DHS;543;420;;;1
ZAF;Eastern Cape;547860;Married women currently using any method of contraception;46.4;1;ZA;South Africa;1998;ZA1998DHS;FP_CUSM_W_ANY;32633010;I;455002;1455002;Region;Eastern Cape;0;;0;1;FPCUSMWANY;ZADHS1998455002;1998;DHS;583;1038;;;1
ZAF;Northern Cape;6077299;Married women currently using any method of contraception;65.3;1;ZA;South Africa;1998;ZA1998DHS;FP_CUSM_W_ANY;32633010;I;455003;1455003;Region;Northern Cape;0;;0;1;FPCUSMWANY;ZADHS1998455003;1998;DHS;118;484;;;1
ZAF;Free State;5248995;Married women currently using any method of contraception;66.1;1;ZA;South Africa;1998;ZA1998DHS;FP_CUSM_W_ANY;32633010;I;455004;1455004;Region;Free State;0;;0;1;FPCUSMWANY;ZADHS1998455004;1998;DHS;355;434;;;1
ZAF;KwaZulu Natal;2463002;Married women currently using any method of contraception;50.8;1;ZA;South Africa;1998;ZA1998DHS;FP_CUSM_W_ANY;32633010;I;455005;1455005;Region;KwaZulu Natal;0;;0;1;FPCUSMWANY;ZADHS1998455005;1998;DHS;955;735;;;1
ZAF;North West;4335210;Married women currently using any method of contraception;66.1;1;ZA;South Africa;1998;ZA1998DHS;FP_CUSM_W_ANY;32633010;I;455006;1455006;Region;North West;0;;0;1;FPCUSMWANY;ZADHS1998455006;1998;DHS;352;360;;;1
ZAF;Gauteng;555114;Married women currently using any method of contraception;59.8;1;ZA;South Africa;1998;ZA1998DHS;FP_CUSM_W_ANY;32633010;I;455007;1455007;Region;Gauteng;0;;0;1;FPCUSMWANY;ZADHS1998455007;1998;DHS;1224;505;;;1
ZAF;Mpumalanga;3307808;Married women currently using any method of contraception;48.5;1;ZA;South Africa;1998;ZA1998DHS;FP_CUSM_W_ANY;32633010;I;455008;1455008;Region;Mpumalanga;0;;0;1;FPCUSMWANY;ZADHS1998455008;1998;DHS;309;421;;;1
ZAF;Northern Province;555109;Married women currently using any method of contraception;45.4;1;ZA;South Africa;1998;ZA1998DHS;FP_CUSM_W_ANY;32633010;I;455009;1455009;Region;Northern Province;0;;0;1;FPCUSMWANY;ZADHS1998455009;1998;DHS;639;551;;;1
ZAF;Western  Cape;547889;Married women currently using any modern method of contraception;70.7;1;ZA;South Africa;1998;ZA1998DHS;FP_CUSM_W_MOD;32633020;I;455001;1455001;Region;Western  Cape;0;;0;1;FPCUSMWMOD;ZADHS1998455001;1998;DHS;543;420;;;1
ZAF;Eastern Cape;547861;Married women currently using any modern method of contraception;45.9;1;ZA;South Africa;1998;ZA1998DHS;FP_CUSM_W_MOD;32633020;I;455002;1455002;Region;Eastern Cape;0;;0;1;FPCUSMWMOD;ZADHS1998455002;1998;DHS;583;1038;;;1
ZAF;Northern Cape;6077300;Married women currently using any modern method of contraception;65.3;1;ZA;South Africa;1998;ZA1998DHS;FP_CUSM_W_MOD;32633020;I;455003;1455003;Region;Northern Cape;0;;0;1;FPCUSMWMOD;ZADHS1998455003;1998;DHS;118;484;;;1
ZAF;Free State;5248996;Married women currently using any modern method of contraception;65.8;1;ZA;South Africa;1998;ZA1998DHS;FP_CUSM_W_MOD;32633020;I;455004;1455004;Region;Free State;0;;0;1;FPCUSMWMOD;ZADHS1998455004;1998;DHS;355;434;;;1
ZAF;KwaZulu Natal;2463003;Married women currently using any modern method of contraception;48.9;1;ZA;South Africa;1998;ZA1998DHS;FP_CUSM_W_MOD;32633020;I;455005;1455005;Region;KwaZulu Natal;0;;0;1;FPCUSMWMOD;ZADHS1998455005;1998;DHS;955;735;;;1
ZAF;North West;4335211;Married women currently using any modern method of contraception;65.9;1;ZA;South Africa;1998;ZA1998DHS;FP_CUSM_W_MOD;32633020;I;455006;1455006;Region;North West;0;;0;1;FPCUSMWMOD;ZADHS1998455006;1998;DHS;352;360;;;1
ZAF;Gauteng;555115;Married women currently using any modern method of contraception;58.6;1;ZA;South Africa;1998;ZA1998DHS;FP_CUSM_W_MOD;32633020;I;455007;1455007;Region;Gauteng;0;;0;1;FPCUSMWMOD;ZADHS1998455007;1998;DHS;1224;505;;;1
ZAF;Mpumalanga;3307809;Married women currently using any modern method of contraception;45.9;1;ZA;South Africa;1998;ZA1998DHS;FP_CUSM_W_MOD;32633020;I;455008;1455008;Region;Mpumalanga;0;;0;1;FPCUSMWMOD;ZADHS1998455008;1998;DHS;309;421;;;1
ZAF;Northern Province;555110;Married women currently using any modern method of contraception;43.5;1;ZA;South Africa;1998;ZA1998DHS;FP_CUSM_W_MOD;32633020;I;455009;1455009;Region;Northern Province;0;;0;1;FPCUSMWMOD;ZADHS1998455009;1998;DHS;639;551;;;1
ZAF;Western  Cape;5208440;Unmet need for family planning;6.2;1;ZA;South Africa;1998;ZA1998DHS;FP_NADM_W_UNT;32933030;I;455001;1455001;Region;Western  Cape;0;;0;1;FPNADMWUNT;ZADHS1998455001;1998;DHS;543;420;;;1
ZAF;Eastern Cape;4874983;Unmet need for family planning;23;1;ZA;South Africa;1998;ZA1998DHS;FP_NADM_W_UNT;32933030;I;455002;1455002;Region;Eastern Cape;0;;0;1;FPNADMWUNT;ZADHS1998455002;1998;DHS;583;1038;;;1
ZAF;Northern Cape;4446205;Unmet need for family planning;11.1;1;ZA;South Africa;1998;ZA1998DHS;FP_NADM_W_UNT;32933030;I;455003;1455003;Region;Northern Cape;0;;0;1;FPNADMWUNT;ZADHS1998455003;1998;DHS;118;484;;;1
ZAF;Free State;563193;Unmet need for family planning;10.2;1;ZA;South Africa;1998;ZA1998DHS;FP_NADM_W_UNT;32933030;I;455004;1455004;Region;Free State;0;;0;1;FPNADMWUNT;ZADHS1998455004;1998;DHS;355;434;;;1
ZAF;KwaZulu Natal;1175812;Unmet need for family planning;19.1;1;ZA;South Africa;1998;ZA1998DHS;FP_NADM_W_UNT;32933030;I;455005;1455005;Region;KwaZulu Natal;0;;0;1;FPNADMWUNT;ZADHS1998455005;1998;DHS;955;735;;;1
ZAF;North West;5375756;Unmet need for family planning;13.4;1;ZA;South Africa;1998;ZA1998DHS;FP_NADM_W_UNT;32933030;I;455006;1455006;Region;North West;0;;0;1;FPNADMWUNT;ZADHS1998455006;1998;DHS;352;360;;;1
ZAF;Gauteng;555203;Unmet need for family planning;14;1;ZA;South Africa;1998;ZA1998DHS;FP_NADM_W_UNT;32933030;I;455007;1455007;Region;Gauteng;0;;0;1;FPNADMWUNT;ZADHS1998455007;1998;DHS;1224;505;;;1
ZAF;Mpumalanga;4655137;Unmet need for family planning;19.4;1;ZA;South Africa;1998;ZA1998DHS;FP_NADM_W_UNT;32933030;I;455008;1455008;Region;Mpumalanga;0;;0;1;FPNADMWUNT;ZADHS1998455008;1998;DHS;309;421;;;1
ZAF;Northern Province;5510125;Unmet need for family planning;25.1;1;ZA;South Africa;1998;ZA1998DHS;FP_NADM_W_UNT;32933030;I;455009;1455009;Region;Northern Province;0;;0;1;FPNADMWUNT;ZADHS1998455009;1998;DHS;639;551;;;1
ZAF;Western  Cape;3733178;Demand for family planning satisfied by modern methods;91.7;1;ZA;South Africa;1998;ZA1998DHS;FP_NADM_W_PDM;32933150;I;455001;1455001;Region;Western  Cape;0;;0;1;FPNADMWPDM;ZADHS1998455001;1998;DHS;418;324;;;1
ZAF;Eastern Cape;547971;Demand for family planning satisfied by modern methods;66.2;1;ZA;South Africa;1998;ZA1998DHS;FP_NADM_W_PDM;32933150;I;455002;1455002;Region;Eastern Cape;0;;0;1;FPNADMWPDM;ZADHS1998455002;1998;DHS;404;702;;;1
ZAF;Northern Cape;555210;Demand for family planning satisfied by modern methods;85.5;1;ZA;South Africa;1998;ZA1998DHS;FP_NADM_W_PDM;32933150;I;455003;1455003;Region;Northern Cape;0;;0;1;FPNADMWPDM;ZADHS1998455003;1998;DHS;90;370;;;1
ZAF;Free State;4437308;Demand for family planning satisfied by modern methods;86.4;1;ZA;South Africa;1998;ZA1998DHS;FP_NADM_W_PDM;32933150;I;455004;1455004;Region;Free State;0;;0;1;FPNADMWPDM;ZADHS1998455004;1998;DHS;271;331;;;1
ZAF;KwaZulu Natal;2975176;Demand for family planning satisfied by modern methods;69.9;1;ZA;South Africa;1998;ZA1998DHS;FP_NADM_W_PDM;32933150;I;455005;1455005;Region;KwaZulu Natal;0;;0;1;FPNADMWPDM;ZADHS1998455005;1998;DHS;668;531;;;1
ZAF;North West;6329314;Demand for family planning satisfied by modern methods;82.7;1;ZA;South Africa;1998;ZA1998DHS;FP_NADM_W_PDM;32933150;I;455006;1455006;Region;North West;0;;0;1;FPNADMWPDM;ZADHS1998455006;1998;DHS;280;286;;;1
ZAF;Gauteng;5453857;Demand for family planning satisfied by modern methods;79.4;1;ZA;South Africa;1998;ZA1998DHS;FP_NADM_W_PDM;32933150;I;455007;1455007;Region;Gauteng;0;;0;1;FPNADMWPDM;ZADHS1998455007;1998;DHS;904;373;;;1
ZAF;Mpumalanga;5490268;Demand for family planning satisfied by modern methods;67.5;1;ZA;South Africa;1998;ZA1998DHS;FP_NADM_W_PDM;32933150;I;455008;1455008;Region;Mpumalanga;0;;0;1;FPNADMWPDM;ZADHS1998455008;1998;DHS;210;285;;;1
ZAF;Northern Province;2755527;Demand for family planning satisfied by modern methods;61.8;1;ZA;South Africa;1998;ZA1998DHS;FP_NADM_W_PDM;32933150;I;455009;1455009;Region;Northern Province;0;;0;1;FPNADMWPDM;ZADHS1998455009;1998;DHS;450;388;;;1
ZAF;Western  Cape;426737;Median age at first marriage [Women]: 25-49;24.5;1;ZA;South Africa;1998;ZA1998DHS;MA_AAFM_W_M2B;41633090;I;455001;1455001;Region;Western  Cape;0;;0;1;MAAAFMWM2B;ZADHS1998455001;1998;DHS;;;;;1
ZAF;Eastern Cape;426719;Median age at first marriage [Women]: 25-49;24.2;1;ZA;South Africa;1998;ZA1998DHS;MA_AAFM_W_M2B;41633090;I;455002;1455002;Region;Eastern Cape;0;;0;1;MAAAFMWM2B;ZADHS1998455002;1998;DHS;;;;;1
ZAF;Free State;443844;Median age at first marriage [Women]: 25-49;22.3;1;ZA;South Africa;1998;ZA1998DHS;MA_AAFM_W_M2B;41633090;I;455004;1455004;Region;Free State;0;;0;1;MAAAFMWM2B;ZADHS1998455004;1998;DHS;;;;;1
ZAF;Gauteng;435731;Median age at first marriage [Women]: 25-49;24.4;1;ZA;South Africa;1998;ZA1998DHS;MA_AAFM_W_M2B;41633090;I;455007;1455007;Region;Gauteng;0;;0;1;MAAAFMWM2B;ZADHS1998455007;1998;DHS;;;;;1
ZAF;Mpumalanga;426742;Median age at first marriage [Women]: 25-49;23.2;1;ZA;South Africa;1998;ZA1998DHS;MA_AAFM_W_M2B;41633090;I;455008;1455008;Region;Mpumalanga;0;;0;1;MAAAFMWM2B;ZADHS1998455008;1998;DHS;;;;;1
ZAF;Northern Province;435882;Median age at first marriage [Women]: 25-49;20.6;1;ZA;South Africa;1998;ZA1998DHS;MA_AAFM_W_M2B;41633090;I;455009;1455009;Region;Northern Province;0;;0;1;MAAAFMWM2B;ZADHS1998455009;1998;DHS;;;;;1
ZAF;Western  Cape;426829;Median age at first sexual intercourse [Women]: 25-49;19.2;1;ZA;South Africa;1998;ZA1998DHS;SX_AAFS_W_M2B;51703090;I;455001;1455001;Region;Western  Cape;0;;0;1;SXAAFSWM2B;ZADHS1998455001;1998;DHS;;;;;1
ZAF;Eastern Cape;426798;Median age at first sexual intercourse [Women]: 25-49;17.8;1;ZA;South Africa;1998;ZA1998DHS;SX_AAFS_W_M2B;51703090;I;455002;1455002;Region;Eastern Cape;0;;0;1;SXAAFSWM2B;ZADHS1998455002;1998;DHS;;;;;1
ZAF;Northern Cape;435838;Median age at first sexual intercourse [Women]: 25-49;18.9;1;ZA;South Africa;1998;ZA1998DHS;SX_AAFS_W_M2B;51703090;I;455003;1455003;Region;Northern Cape;0;;0;1;SXAAFSWM2B;ZADHS1998455003;1998;DHS;;;;;1
ZAF;Free State;443925;Median age at first sexual intercourse [Women]: 25-49;18.1;1;ZA;South Africa;1998;ZA1998DHS;SX_AAFS_W_M2B;51703090;I;455004;1455004;Region;Free State;0;;0;1;SXAAFSWM2B;ZADHS1998455004;1998;DHS;;;;;1
ZAF;KwaZulu Natal;443929;Median age at first sexual intercourse [Women]: 25-49;18.7;1;ZA;South Africa;1998;ZA1998DHS;SX_AAFS_W_M2B;51703090;I;455005;1455005;Region;KwaZulu Natal;0;;0;1;SXAAFSWM2B;ZADHS1998455005;1998;DHS;;;;;1
ZAF;North West;451364;Median age at first sexual intercourse [Women]: 25-49;18.6;1;ZA;South Africa;1998;ZA1998DHS;SX_AAFS_W_M2B;51703090;I;455006;1455006;Region;North West;0;;0;1;SXAAFSWM2B;ZADHS1998455006;1998;DHS;;;;;1
ZAF;Gauteng;435802;Median age at first sexual intercourse [Women]: 25-49;18.4;1;ZA;South Africa;1998;ZA1998DHS;SX_AAFS_W_M2B;51703090;I;455007;1455007;Region;Gauteng;0;;0;1;SXAAFSWM2B;ZADHS1998455007;1998;DHS;;;;;1
ZAF;Mpumalanga;426818;Median age at first sexual intercourse [Women]: 25-49;17.1;1;ZA;South Africa;1998;ZA1998DHS;SX_AAFS_W_M2B;51703090;I;455008;1455008;Region;Mpumalanga;0;;0;1;SXAAFSWM2B;ZADHS1998455008;1998;DHS;;;;;1
ZAF;Northern Province;435878;Median age at first sexual intercourse [Women]: 25-49;17.9;1;ZA;South Africa;1998;ZA1998DHS;SX_AAFS_W_M2B;51703090;I;455009;1455009;Region;Northern Province;0;;0;1;SXAAFSWM2B;ZADHS1998455009;1998;DHS;;;;;1
ZAF;Western  Cape;6740460;Infant mortality rate;8;0;ZA;South Africa;1998;ZA1998DHS;CM_ECMR_C_IMR;63206030;I;455001;1455001;Region;Western  Cape;14003;Ten years preceding the survey;0;1;CMECMRCIMR;ZADHS1998455001;1998;DHS;;;2;15;1
ZAF;Eastern Cape;6904978;Infant mortality rate;61;0;ZA;South Africa;1998;ZA1998DHS;CM_ECMR_C_IMR;63206030;I;455002;1455002;Region;Eastern Cape;14003;Ten years preceding the survey;0;1;CMECMRCIMR;ZADHS1998455002;1998;DHS;;;50;72;1
ZAF;Northern Cape;6795220;Infant mortality rate;42;0;ZA;South Africa;1998;ZA1998DHS;CM_ECMR_C_IMR;63206030;I;455003;1455003;Region;Northern Cape;14003;Ten years preceding the survey;0;1;CMECMRCIMR;ZADHS1998455003;1998;DHS;;;26;57;1
ZAF;Free State;6701602;Infant mortality rate;37;0;ZA;South Africa;1998;ZA1998DHS;CM_ECMR_C_IMR;63206030;I;455004;1455004;Region;Free State;14003;Ten years preceding the survey;0;1;CMECMRCIMR;ZADHS1998455004;1998;DHS;;;20;53;1
ZAF;KwaZulu Natal;6667036;Infant mortality rate;52;0;ZA;South Africa;1998;ZA1998DHS;CM_ECMR_C_IMR;63206030;I;455005;1455005;Region;KwaZulu Natal;14003;Ten years preceding the survey;0;1;CMECMRCIMR;ZADHS1998455005;1998;DHS;;;38;66;1
ZAF;North West;809636;Infant mortality rate;37;0;ZA;South Africa;1998;ZA1998DHS;CM_ECMR_C_IMR;63206030;I;455006;1455006;Region;North West;14003;Ten years preceding the survey;0;1;CMECMRCIMR;ZADHS1998455006;1998;DHS;;;23;51;1
ZAF;Gauteng;749554;Infant mortality rate;36;0;ZA;South Africa;1998;ZA1998DHS;CM_ECMR_C_IMR;63206030;I;455007;1455007;Region;Gauteng;14003;Ten years preceding the survey;0;1;CMECMRCIMR;ZADHS1998455007;1998;DHS;;;22;51;1
ZAF;Mpumalanga;6671786;Infant mortality rate;47;0;ZA;South Africa;1998;ZA1998DHS;CM_ECMR_C_IMR;63206030;I;455008;1455008;Region;Mpumalanga;14003;Ten years preceding the survey;0;1;CMECMRCIMR;ZADHS1998455008;1998;DHS;;;33;61;1
ZAF;Northern Province;6745759;Infant mortality rate;37;0;ZA;South Africa;1998;ZA1998DHS;CM_ECMR_C_IMR;63206030;I;455009;1455009;Region;Northern Province;14003;Ten years preceding the survey;0;1;CMECMRCIMR;ZADHS1998455009;1998;DHS;;;24;51;1
ZAF;Western  Cape;706296;Under-five mortality rate;13;0;ZA;South Africa;1998;ZA1998DHS;CM_ECMR_C_U5M;63206050;I;455001;1455001;Region;Western  Cape;14003;Ten years preceding the survey;0;1;CMECMRCU5M;ZADHS1998455001;1998;DHS;;;5;22;1
ZAF;Eastern Cape;803223;Under-five mortality rate;80;0;ZA;South Africa;1998;ZA1998DHS;CM_ECMR_C_U5M;63206050;I;455002;1455002;Region;Eastern Cape;14003;Ten years preceding the survey;0;1;CMECMRCU5M;ZADHS1998455002;1998;DHS;;;68;93;1
ZAF;Northern Cape;676785;Under-five mortality rate;55;0;ZA;South Africa;1998;ZA1998DHS;CM_ECMR_C_U5M;63206050;I;455003;1455003;Region;Northern Cape;14003;Ten years preceding the survey;0;1;CMECMRCU5M;ZADHS1998455003;1998;DHS;;;37;74;1
ZAF;Free State;6731468;Under-five mortality rate;50;0;ZA;South Africa;1998;ZA1998DHS;CM_ECMR_C_U5M;63206050;I;455004;1455004;Region;Free State;14003;Ten years preceding the survey;0;1;CMECMRCU5M;ZADHS1998455004;1998;DHS;;;30;70;1
ZAF;KwaZulu Natal;2109257;Under-five mortality rate;74;0;ZA;South Africa;1998;ZA1998DHS;CM_ECMR_C_U5M;63206050;I;455005;1455005;Region;KwaZulu Natal;14003;Ten years preceding the survey;0;1;CMECMRCU5M;ZADHS1998455005;1998;DHS;;;57;92;1
ZAF;North West;6661812;Under-five mortality rate;45;0;ZA;South Africa;1998;ZA1998DHS;CM_ECMR_C_U5M;63206050;I;455006;1455006;Region;North West;14003;Ten years preceding the survey;0;1;CMECMRCU5M;ZADHS1998455006;1998;DHS;;;29;61;1
ZAF;Gauteng;797282;Under-five mortality rate;45;0;ZA;South Africa;1998;ZA1998DHS;CM_ECMR_C_U5M;63206050;I;455007;1455007;Region;Gauteng;14003;Ten years preceding the survey;0;1;CMECMRCU5M;ZADHS1998455007;1998;DHS;;;30;61;1
ZAF;Mpumalanga;734798;Under-five mortality rate;64;0;ZA;South Africa;1998;ZA1998DHS;CM_ECMR_C_U5M;63206050;I;455008;1455008;Region;Mpumalanga;14003;Ten years preceding the survey;0;1;CMECMRCU5M;ZADHS1998455008;1998;DHS;;;47;80;1
ZAF;Northern Province;6683159;Under-five mortality rate;52;0;ZA;South Africa;1998;ZA1998DHS;CM_ECMR_C_U5M;63206050;I;455009;1455009;Region;Northern Province;14003;Ten years preceding the survey;0;1;CMECMRCU5M;ZADHS1998455009;1998;DHS;;;36;68;1
ZAF;Western  Cape;6025643;Place of delivery: Health facility;94.9;1;ZA;South Africa;1998;ZA1998DHS;RH_DELP_C_DHF;83566070;I;455001;1455001;Region;Western  Cape;14000;Three years preceding the survey;0;0;RHDELPCDHF;ZADHS1998455001;1998;DHS;258;201;;;1
ZAF;Western  Cape;2741734;Place of delivery: Health facility;95.8;1;ZA;South Africa;1998;ZA1998DHS;RH_DELP_C_DHF;83566070;I;455001;1455001;Region;Western  Cape;14001;Five years preceding the survey;0;0;RHDELPCDHF;ZADHS1998455001;1998;DHS;401;312;;;1
ZAF;Western  Cape;5462533;Place of delivery: Health facility;96.2;1;ZA;South Africa;1998;ZA1998DHS;RH_DELP_C_DHF;83566070;I;455001;1455001;Region;Western  Cape;14002;Two years preceding the survey;0;1;RHDELPCDHF;ZADHS1998455001;1998;DHS;176;137;;;1
ZAF;Eastern Cape;3338604;Place of delivery: Health facility;74.9;1;ZA;South Africa;1998;ZA1998DHS;RH_DELP_C_DHF;83566070;I;455002;1455002;Region;Eastern Cape;14000;Three years preceding the survey;0;0;RHDELPCDHF;ZADHS1998455002;1998;DHS;462;849;;;1
ZAF;Eastern Cape;1193115;Place of delivery: Health facility;73.9;1;ZA;South Africa;1998;ZA1998DHS;RH_DELP_C_DHF;83566070;I;455002;1455002;Region;Eastern Cape;14001;Five years preceding the survey;0;0;RHDELPCDHF;ZADHS1998455002;1998;DHS;741;1359;;;1
ZAF;Eastern Cape;6531831;Place of delivery: Health facility;72.9;1;ZA;South Africa;1998;ZA1998DHS;RH_DELP_C_DHF;83566070;I;455002;1455002;Region;Eastern Cape;14002;Two years preceding the survey;0;1;RHDELPCDHF;ZADHS1998455002;1998;DHS;306;567;;;1
ZAF;Northern Cape;104616;Place of delivery: Health facility;91;1;ZA;South Africa;1998;ZA1998DHS;RH_DELP_C_DHF;83566070;I;455003;1455003;Region;Northern Cape;14000;Three years preceding the survey;0;0;RHDELPCDHF;ZADHS1998455003;1998;DHS;61;250;;;1
ZAF;Northern Cape;104647;Place of delivery: Health facility;87.6;1;ZA;South Africa;1998;ZA1998DHS;RH_DELP_C_DHF;83566070;I;455003;1455003;Region;Northern Cape;14001;Five years preceding the survey;0;0;RHDELPCDHF;ZADHS1998455003;1998;DHS;102;419;;;1
ZAF;Northern Cape;6679447;Place of delivery: Health facility;91.5;1;ZA;South Africa;1998;ZA1998DHS;RH_DELP_C_DHF;83566070;I;455003;1455003;Region;Northern Cape;14002;Two years preceding the survey;0;1;RHDELPCDHF;ZADHS1998455003;1998;DHS;41;168;;;1
ZAF;Free State;6435893;Place of delivery: Health facility;88.6;1;ZA;South Africa;1998;ZA1998DHS;RH_DELP_C_DHF;83566070;I;455004;1455004;Region;Free State;14000;Three years preceding the survey;0;0;RHDELPCDHF;ZADHS1998455004;1998;DHS;155;188;;;1
ZAF;Free State;4954303;Place of delivery: Health facility;86.4;1;ZA;South Africa;1998;ZA1998DHS;RH_DELP_C_DHF;83566070;I;455004;1455004;Region;Free State;14001;Five years preceding the survey;0;0;RHDELPCDHF;ZADHS1998455004;1998;DHS;257;313;;;1
ZAF;Free State;122512;Place of delivery: Health facility;89;1;ZA;South Africa;1998;ZA1998DHS;RH_DELP_C_DHF;83566070;I;455004;1455004;Region;Free State;14002;Two years preceding the survey;0;1;RHDELPCDHF;ZADHS1998455004;1998;DHS;114;139;;;1
ZAF;KwaZulu Natal;4866380;Place of delivery: Health facility;84.3;1;ZA;South Africa;1998;ZA1998DHS;RH_DELP_C_DHF;83566070;I;455005;1455005;Region;KwaZulu Natal;14000;Three years preceding the survey;0;0;RHDELPCDHF;ZADHS1998455005;1998;DHS;688;472;;;1
ZAF;KwaZulu Natal;4003954;Place of delivery: Health facility;83.6;1;ZA;South Africa;1998;ZA1998DHS;RH_DELP_C_DHF;83566070;I;455005;1455005;Region;KwaZulu Natal;14001;Five years preceding the survey;0;0;RHDELPCDHF;ZADHS1998455005;1998;DHS;1094;759;;;1
ZAF;KwaZulu Natal;4836384;Place of delivery: Health facility;87.1;1;ZA;South Africa;1998;ZA1998DHS;RH_DELP_C_DHF;83566070;I;455005;1455005;Region;KwaZulu Natal;14002;Two years preceding the survey;0;1;RHDELPCDHF;ZADHS1998455005;1998;DHS;449;315;;;1
ZAF;North West;4458749;Place of delivery: Health facility;85.5;1;ZA;South Africa;1998;ZA1998DHS;RH_DELP_C_DHF;83566070;I;455006;1455006;Region;North West;14000;Three years preceding the survey;0;0;RHDELPCDHF;ZADHS1998455006;1998;DHS;211;217;;;1
ZAF;North West;2306422;Place of delivery: Health facility;86;1;ZA;South Africa;1998;ZA1998DHS;RH_DELP_C_DHF;83566070;I;455006;1455006;Region;North West;14001;Five years preceding the survey;0;0;RHDELPCDHF;ZADHS1998455006;1998;DHS;340;350;;;1
ZAF;North West;2279064;Place of delivery: Health facility;83.9;1;ZA;South Africa;1998;ZA1998DHS;RH_DELP_C_DHF;83566070;I;455006;1455006;Region;North West;14002;Two years preceding the survey;0;1;RHDELPCDHF;ZADHS1998455006;1998;DHS;142;146;;;1
ZAF;Gauteng;3257962;Place of delivery: Health facility;94;1;ZA;South Africa;1998;ZA1998DHS;RH_DELP_C_DHF;83566070;I;455007;1455007;Region;Gauteng;14000;Three years preceding the survey;0;0;RHDELPCDHF;ZADHS1998455007;1998;DHS;561;234;;;1
ZAF;Gauteng;3516436;Place of delivery: Health facility;92.7;1;ZA;South Africa;1998;ZA1998DHS;RH_DELP_C_DHF;83566070;I;455007;1455007;Region;Gauteng;14001;Five years preceding the survey;0;0;RHDELPCDHF;ZADHS1998455007;1998;DHS;954;398;;;1
ZAF;Gauteng;104640;Place of delivery: Health facility;93.4;1;ZA;South Africa;1998;ZA1998DHS;RH_DELP_C_DHF;83566070;I;455007;1455007;Region;Gauteng;14002;Two years preceding the survey;0;1;RHDELPCDHF;ZADHS1998455007;1998;DHS;400;167;;;1
ZAF;Mpumalanga;4651936;Place of delivery: Health facility;79.7;1;ZA;South Africa;1998;ZA1998DHS;RH_DELP_C_DHF;83566070;I;455008;1455008;Region;Mpumalanga;14000;Three years preceding the survey;0;0;RHDELPCDHF;ZADHS1998455008;1998;DHS;229;323;;;1
ZAF;Mpumalanga;116526;Place of delivery: Health facility;75.7;1;ZA;South Africa;1998;ZA1998DHS;RH_DELP_C_DHF;83566070;I;455008;1455008;Region;Mpumalanga;14001;Five years preceding the survey;0;0;RHDELPCDHF;ZADHS1998455008;1998;DHS;379;532;;;1
ZAF;Mpumalanga;5723764;Place of delivery: Health facility;81;1;ZA;South Africa;1998;ZA1998DHS;RH_DELP_C_DHF;83566070;I;455008;1455008;Region;Mpumalanga;14002;Two years preceding the survey;0;1;RHDELPCDHF;ZADHS1998455008;1998;DHS;152;215;;;1
ZAF;Northern Province;5200569;Place of delivery: Health facility;76.3;1;ZA;South Africa;1998;ZA1998DHS;RH_DELP_C_DHF;83566070;I;455009;1455009;Region;Northern Province;14000;Three years preceding the survey;0;0;RHDELPCDHF;ZADHS1998455009;1998;DHS;447;385;;;1
ZAF;Northern Province;4418842;Place of delivery: Health facility;74.9;1;ZA;South Africa;1998;ZA1998DHS;RH_DELP_C_DHF;83566070;I;455009;1455009;Region;Northern Province;14001;Five years preceding the survey;0;0;RHDELPCDHF;ZADHS1998455009;1998;DHS;724;624;;;1
ZAF;Northern Province;6372839;Place of delivery: Health facility;77.6;1;ZA;South Africa;1998;ZA1998DHS;RH_DELP_C_DHF;83566070;I;455009;1455009;Region;Northern Province;14002;Two years preceding the survey;0;1;RHDELPCDHF;ZADHS1998455009;1998;DHS;301;259;;;1
ZAF;Western  Cape;3112123;Received all 8 basic vaccinations;64.2;1;ZA;South Africa;1998;ZA1998DHS;CH_VACC_C_BAS;93906230;I;455001;1455001;Region;Western  Cape;0;;0;1;CHVACCCBAS;ZADHS1998455001;1998;DHS;80;62;;;1
ZAF;Eastern Cape;4120933;Received all 8 basic vaccinations;52.6;1;ZA;South Africa;1998;ZA1998DHS;CH_VACC_C_BAS;93906230;I;455002;1455002;Region;Eastern Cape;0;;0;1;CHVACCCBAS;ZADHS1998455002;1998;DHS;127;234;;;1
ZAF;Northern Cape;3686000;Received all 8 basic vaccinations;80.8;1;ZA;South Africa;1998;ZA1998DHS;CH_VACC_C_BAS;93906230;I;455003;1455003;Region;Northern Cape;0;;0;1;CHVACCCBAS;ZADHS1998455003;1998;DHS;20;83;;;1
ZAF;Free State;1976840;Received all 8 basic vaccinations;67.8;1;ZA;South Africa;1998;ZA1998DHS;CH_VACC_C_BAS;93906230;I;455004;1455004;Region;Free State;0;;0;1;CHVACCCBAS;ZADHS1998455004;1998;DHS;51;62;;;1
ZAF;KwaZulu Natal;1976823;Received all 8 basic vaccinations;49.5;1;ZA;South Africa;1998;ZA1998DHS;CH_VACC_C_BAS;93906230;I;455005;1455005;Region;KwaZulu Natal;0;;0;1;CHVACCCBAS;ZADHS1998455005;1998;DHS;208;150;;;1
ZAF;North West;767191;Received all 8 basic vaccinations;60.6;1;ZA;South Africa;1998;ZA1998DHS;CH_VACC_C_BAS;93906230;I;455006;1455006;Region;North West;0;;0;1;CHVACCCBAS;ZADHS1998455006;1998;DHS;67;69;;;1
ZAF;Gauteng;1970800;Received all 8 basic vaccinations;72.4;1;ZA;South Africa;1998;ZA1998DHS;CH_VACC_C_BAS;93906230;I;455007;1455007;Region;Gauteng;0;;0;1;CHVACCCBAS;ZADHS1998455007;1998;DHS;199;83;;;1
ZAF;Mpumalanga;5072936;Received all 8 basic vaccinations;67.2;1;ZA;South Africa;1998;ZA1998DHS;CH_VACC_C_BAS;93906230;I;455008;1455008;Region;Mpumalanga;0;;0;1;CHVACCCBAS;ZADHS1998455008;1998;DHS;72;100;;;1
ZAF;Northern Province;5616928;Received all 8 basic vaccinations;74.9;1;ZA;South Africa;1998;ZA1998DHS;CH_VACC_C_BAS;93906230;I;455009;1455009;Region;Northern Province;0;;0;1;CHVACCCBAS;ZADHS1998455009;1998;DHS;149;128;;;1
ZAF;Western  Cape;5637932;Treatment of diarrhea: Either ORS or RHF;60.9;1;ZA;South Africa;1998;ZA1998DHS;CH_DIAT_C_ORT;94096040;I;455001;1455001;Region;Western  Cape;14001;Five years preceding the survey;0;1;CHDIATCORT;ZADHS1998455001;1998;DHS;39;31;;;1
ZAF;Eastern Cape;4853324;Treatment of diarrhea: Either ORS or RHF;79.9;1;ZA;South Africa;1998;ZA1998DHS;CH_DIAT_C_ORT;94096040;I;455002;1455002;Region;Eastern Cape;14000;Three years preceding the survey;0;0;CHDIATCORT;ZADHS1998455002;1998;DHS;72;136;;;1
ZAF;Eastern Cape;2964956;Treatment of diarrhea: Either ORS or RHF;80.9;1;ZA;South Africa;1998;ZA1998DHS;CH_DIAT_C_ORT;94096040;I;455002;1455002;Region;Eastern Cape;14001;Five years preceding the survey;0;1;CHDIATCORT;ZADHS1998455002;1998;DHS;88;164;;;1
ZAF;Northern Cape;1059119;Treatment of diarrhea: Either ORS or RHF;78;1;ZA;South Africa;1998;ZA1998DHS;CH_DIAT_C_ORT;94096040;I;455003;1455003;Region;Northern Cape;14000;Three years preceding the survey;0;0;CHDIATCORT;ZADHS1998455003;1998;DHS;9;36;;;1
ZAF;Northern Cape;1970891;Treatment of diarrhea: Either ORS or RHF;73.3;1;ZA;South Africa;1998;ZA1998DHS;CH_DIAT_C_ORT;94096040;I;455003;1455003;Region;Northern Cape;14001;Five years preceding the survey;0;1;CHDIATCORT;ZADHS1998455003;1998;DHS;10;41;;;1
ZAF;Free State;1976942;Treatment of diarrhea: Either ORS or RHF;81.2;1;ZA;South Africa;1998;ZA1998DHS;CH_DIAT_C_ORT;94096040;I;455004;1455004;Region;Free State;14001;Five years preceding the survey;0;1;CHDIATCORT;ZADHS1998455004;1998;DHS;22;27;;;1
ZAF;KwaZulu Natal;5710959;Treatment of diarrhea: Either ORS or RHF;88.3;1;ZA;South Africa;1998;ZA1998DHS;CH_DIAT_C_ORT;94096040;I;455005;1455005;Region;KwaZulu Natal;14000;Three years preceding the survey;0;0;CHDIATCORT;ZADHS1998455005;1998;DHS;143;99;;;1
ZAF;KwaZulu Natal;5006529;Treatment of diarrhea: Either ORS or RHF;88;1;ZA;South Africa;1998;ZA1998DHS;CH_DIAT_C_ORT;94096040;I;455005;1455005;Region;KwaZulu Natal;14001;Five years preceding the survey;0;1;CHDIATCORT;ZADHS1998455005;1998;DHS;182;124;;;1
ZAF;North West;4871549;Treatment of diarrhea: Either ORS or RHF;85.1;1;ZA;South Africa;1998;ZA1998DHS;CH_DIAT_C_ORT;94096040;I;455006;1455006;Region;North West;14000;Three years preceding the survey;0;0;CHDIATCORT;ZADHS1998455006;1998;DHS;32;33;;;1
ZAF;North West;5137619;Treatment of diarrhea: Either ORS or RHF;83.3;1;ZA;South Africa;1998;ZA1998DHS;CH_DIAT_C_ORT;94096040;I;455006;1455006;Region;North West;14001;Five years preceding the survey;0;1;CHDIATCORT;ZADHS1998455006;1998;DHS;40;41;;;1
ZAF;Gauteng;1970866;Treatment of diarrhea: Either ORS or RHF;89.3;1;ZA;South Africa;1998;ZA1998DHS;CH_DIAT_C_ORT;94096040;I;455007;1455007;Region;Gauteng;14000;Three years preceding the survey;0;0;CHDIATCORT;ZADHS1998455007;1998;DHS;67;28;;;1
ZAF;Gauteng;6507947;Treatment of diarrhea: Either ORS or RHF;83.3;1;ZA;South Africa;1998;ZA1998DHS;CH_DIAT_C_ORT;94096040;I;455007;1455007;Region;Gauteng;14001;Five years preceding the survey;0;1;CHDIATCORT;ZADHS1998455007;1998;DHS;86;36;;;1
ZAF;Mpumalanga;3193581;Treatment of diarrhea: Either ORS or RHF;89.6;1;ZA;South Africa;1998;ZA1998DHS;CH_DIAT_C_ORT;94096040;I;455008;1455008;Region;Mpumalanga;14000;Three years preceding the survey;0;0;CHDIATCORT;ZADHS1998455008;1998;DHS;48;68;;;1
ZAF;Mpumalanga;4595527;Treatment of diarrhea: Either ORS or RHF;87.8;1;ZA;South Africa;1998;ZA1998DHS;CH_DIAT_C_ORT;94096040;I;455008;1455008;Region;Mpumalanga;14001;Five years preceding the survey;0;1;CHDIATCORT;ZADHS1998455008;1998;DHS;59;83;;;1
ZAF;Northern Province;3066702;Treatment of diarrhea: Either ORS or RHF;76;1;ZA;South Africa;1998;ZA1998DHS;CH_DIAT_C_ORT;94096040;I;455009;1455009;Region;Northern Province;14000;Three years preceding the survey;0;0;CHDIATCORT;ZADHS1998455009;1998;DHS;87;75;;;1
ZAF;Northern Province;3401105;Treatment of diarrhea: Either ORS or RHF;70.1;1;ZA;South Africa;1998;ZA1998DHS;CH_DIAT_C_ORT;94096040;I;455009;1455009;Region;Northern Province;14001;Five years preceding the survey;0;1;CHDIATCORT;ZADHS1998455009;1998;DHS;101;87;;;1
ZAF;Western  Cape;208053;Median duration of exclusive breastfeeding;0.4;1;ZA;South Africa;1998;ZA1998DHS;CN_BFDR_C_MDE;104336020;I;455001;1455001;Region;Western  Cape;0;;0;1;CNBFDRCMDE;ZADHS1998455001;1998;DHS;;;;;1
ZAF;Eastern Cape;208027;Median duration of exclusive breastfeeding;0.4;1;ZA;South Africa;1998;ZA1998DHS;CN_BFDR_C_MDE;104336020;I;455002;1455002;Region;Eastern Cape;0;;0;1;CNBFDRCMDE;ZADHS1998455002;1998;DHS;;;;;1
ZAF;Northern Cape;190684;Median duration of exclusive breastfeeding;0.6;1;ZA;South Africa;1998;ZA1998DHS;CN_BFDR_C_MDE;104336020;I;455003;1455003;Region;Northern Cape;0;;0;1;CNBFDRCMDE;ZADHS1998455003;1998;DHS;;;;;1
ZAF;Free State;199374;Median duration of exclusive breastfeeding;0.4;1;ZA;South Africa;1998;ZA1998DHS;CN_BFDR_C_MDE;104336020;I;455004;1455004;Region;Free State;0;;0;1;CNBFDRCMDE;ZADHS1998455004;1998;DHS;;;;;1
ZAF;KwaZulu Natal;199381;Median duration of exclusive breastfeeding;0.7;1;ZA;South Africa;1998;ZA1998DHS;CN_BFDR_C_MDE;104336020;I;455005;1455005;Region;KwaZulu Natal;0;;0;1;CNBFDRCMDE;ZADHS1998455005;1998;DHS;;;;;1
ZAF;North West;215367;Median duration of exclusive breastfeeding;0.4;1;ZA;South Africa;1998;ZA1998DHS;CN_BFDR_C_MDE;104336020;I;455006;1455006;Region;North West;0;;0;1;CNBFDRCMDE;ZADHS1998455006;1998;DHS;;;;;1
ZAF;Gauteng;190692;Median duration of exclusive breastfeeding;0.4;1;ZA;South Africa;1998;ZA1998DHS;CN_BFDR_C_MDE;104336020;I;455007;1455007;Region;Gauteng;0;;0;1;CNBFDRCMDE;ZADHS1998455007;1998;DHS;;;;;1
ZAF;Mpumalanga;208077;Median duration of exclusive breastfeeding;0.4;1;ZA;South Africa;1998;ZA1998DHS;CN_BFDR_C_MDE;104336020;I;455008;1455008;Region;Mpumalanga;0;;0;1;CNBFDRCMDE;ZADHS1998455008;1998;DHS;;;;;1
ZAF;Northern Province;190689;Median duration of exclusive breastfeeding;0.5;1;ZA;South Africa;1998;ZA1998DHS;CN_BFDR_C_MDE;104336020;I;455009;1455009;Region;Northern Province;0;;0;1;CNBFDRCMDE;ZADHS1998455009;1998;DHS;;;;;1
ZAF;Western  Cape;4485909;Women with secondary or higher education;75.1;1;ZA;South Africa;1998;ZA1998DHS;ED_EDUC_W_SEH;231203100;I;455001;1455001;Region;Western  Cape;0;;0;1;EDEDUCWSEH;ZADHS1998455001;1998;DHS;1193;919;;;1
ZAF;Eastern Cape;310644;Women with secondary or higher education;63.9;1;ZA;South Africa;1998;ZA1998DHS;ED_EDUC_W_SEH;231203100;I;455002;1455002;Region;Eastern Cape;0;;0;1;EDEDUCWSEH;ZADHS1998455002;1998;DHS;1566;2756;;;1
ZAF;Northern Cape;292971;Women with secondary or higher education;59;1;ZA;South Africa;1998;ZA1998DHS;ED_EDUC_W_SEH;231203100;I;455003;1455003;Region;Northern Cape;0;;0;1;EDEDUCWSEH;ZADHS1998455003;1998;DHS;253;1041;;;1
ZAF;Free State;5390144;Women with secondary or higher education;68.3;1;ZA;South Africa;1998;ZA1998DHS;ED_EDUC_W_SEH;231203100;I;455004;1455004;Region;Free State;0;;0;1;EDEDUCWSEH;ZADHS1998455004;1998;DHS;763;936;;;1
ZAF;KwaZulu Natal;2256691;Women with secondary or higher education;62.1;1;ZA;South Africa;1998;ZA1998DHS;ED_EDUC_W_SEH;231203100;I;455005;1455005;Region;KwaZulu Natal;0;;0;1;EDEDUCWSEH;ZADHS1998455005;1998;DHS;2364;1826;;;1
ZAF;North West;5746841;Women with secondary or higher education;66.2;1;ZA;South Africa;1998;ZA1998DHS;ED_EDUC_W_SEH;231203100;I;455006;1455006;Region;North West;0;;0;1;EDEDUCWSEH;ZADHS1998455006;1998;DHS;909;931;;;1
ZAF;Gauteng;2181179;Women with secondary or higher education;80.1;1;ZA;South Africa;1998;ZA1998DHS;ED_EDUC_W_SEH;231203100;I;455007;1455007;Region;Gauteng;0;;0;1;EDEDUCWSEH;ZADHS1998455007;1998;DHS;2552;1057;;;1
ZAF;Mpumalanga;6338978;Women with secondary or higher education;62.3;1;ZA;South Africa;1998;ZA1998DHS;ED_EDUC_W_SEH;231203100;I;455008;1455008;Region;Mpumalanga;0;;0;1;EDEDUCWSEH;ZADHS1998455008;1998;DHS;819;1131;;;1
ZAF;Northern Province;2319626;Women with secondary or higher education;62.7;1;ZA;South Africa;1998;ZA1998DHS;ED_EDUC_W_SEH;231203100;I;455009;1455009;Region;Northern Province;0;;0;1;EDEDUCWSEH;ZADHS1998455009;1998;DHS;1316;1138;;;1
ZAF;Western  Cape;6140761;Households with electricity;92;1;ZA;South Africa;1998;ZA1998DHS;HC_ELEC_H_ELC;260321010;I;455001;1455001;Region;Western  Cape;0;;0;1;HCELECHELC;ZADHS1998455001;1998;DHS;1229;959;;;1
ZAF;Eastern Cape;2445963;Households with electricity;38.2;1;ZA;South Africa;1998;ZA1998DHS;HC_ELEC_H_ELC;260321010;I;455002;1455002;Region;Eastern Cape;0;;0;1;HCELECHELC;ZADHS1998455002;1998;DHS;1848;3186;;;1
ZAF;Northern Cape;1685302;Households with electricity;80.1;1;ZA;South Africa;1998;ZA1998DHS;HC_ELEC_H_ELC;260321010;I;455003;1455003;Region;Northern Cape;0;;0;1;HCELECHELC;ZADHS1998455003;1998;DHS;269;1053;;;1
ZAF;Free State;3030664;Households with electricity;76.7;1;ZA;South Africa;1998;ZA1998DHS;HC_ELEC_H_ELC;260321010;I;455004;1455004;Region;Free State;0;;0;1;HCELECHELC;ZADHS1998455004;1998;DHS;859;1022;;;1
ZAF;KwaZulu Natal;4839336;Households with electricity;58.5;1;ZA;South Africa;1998;ZA1998DHS;HC_ELEC_H_ELC;260321010;I;455005;1455005;Region;KwaZulu Natal;0;;0;1;HCELECHELC;ZADHS1998455005;1998;DHS;2504;1867;;;1
ZAF;North West;5326937;Households with electricity;58;1;ZA;South Africa;1998;ZA1998DHS;HC_ELEC_H_ELC;260321010;I;455006;1455006;Region;North West;0;;0;1;HCELECHELC;ZADHS1998455006;1998;DHS;988;993;;;1
ZAF;Gauteng;1685288;Households with electricity;83.8;1;ZA;South Africa;1998;ZA1998DHS;HC_ELEC_H_ELC;260321010;I;455007;1455007;Region;Gauteng;0;;0;1;HCELECHELC;ZADHS1998455007;1998;DHS;2564;1171;;;1
ZAF;Mpumalanga;5805739;Households with electricity;66.6;1;ZA;South Africa;1998;ZA1998DHS;HC_ELEC_H_ELC;260321010;I;455008;1455008;Region;Mpumalanga;0;;0;1;HCELECHELC;ZADHS1998455008;1998;DHS;763;999;;;1
ZAF;Northern Province;2588487;Households with electricity;44;1;ZA;South Africa;1998;ZA1998DHS;HC_ELEC_H_ELC;260321010;I;455009;1455009;Region;Northern Province;0;;0;1;HCELECHELC;ZADHS1998455009;1998;DHS;1223;997;;;1
ZAF;Western  Cape;926086;Total fertility rate 15-49;2.1;1;ZA;South Africa;2016;ZA2016DHS;FE_FRTR_W_TFR;11763080;I;455001;1455001;Region;Western  Cape;0;;0;1;FEFRTRWTFR;ZADHS2016455001;2016;DHS;;;;;
ZAF;Eastern Cape;926093;Total fertility rate 15-49;2.9;1;ZA;South Africa;2016;ZA2016DHS;FE_FRTR_W_TFR;11763080;I;455002;1455002;Region;Eastern Cape;0;;0;1;FEFRTRWTFR;ZADHS2016455002;2016;DHS;;;;;1
ZAF;Northern Cape;934272;Total fertility rate 15-49;2.7;1;ZA;South Africa;2016;ZA2016DHS;FE_FRTR_W_TFR;11763080;I;455003;1455003;Region;Northern Cape;0;;0;1;FEFRTRWTFR;ZADHS2016455003;2016;DHS;;;;;1
ZAF;Free State;934260;Total fertility rate 15-49;2.4;1;ZA;South Africa;2016;ZA2016DHS;FE_FRTR_W_TFR;11763080;I;455004;1455004;Region;Free State;0;;0;1;FEFRTRWTFR;ZADHS2016455004;2016;DHS;;;;;1
ZAF;KwaZulu Natal;917743;Total fertility rate 15-49;2.5;1;ZA;South Africa;2016;ZA2016DHS;FE_FRTR_W_TFR;11763080;I;455005;1455005;Region;KwaZulu Natal;0;;0;1;FEFRTRWTFR;ZADHS2016455005;2016;DHS;;;;;1
ZAF;North West;934265;Total fertility rate 15-49;3.1;1;ZA;South Africa;2016;ZA2016DHS;FE_FRTR_W_TFR;11763080;I;455006;1455006;Region;North West;0;;0;1;FEFRTRWTFR;ZADHS2016455006;2016;DHS;;;;;1
ZAF;Gauteng;926060;Total fertility rate 15-49;2.6;1;ZA;South Africa;2016;ZA2016DHS;FE_FRTR_W_TFR;11763080;I;455007;1455007;Region;Gauteng;0;;0;1;FEFRTRWTFR;ZADHS2016455007;2016;DHS;;;;;1
ZAF;Mpumalanga;926310;Total fertility rate 15-49;3;1;ZA;South Africa;2016;ZA2016DHS;FE_FRTR_W_TFR;11763080;I;455008;1455008;Region;Mpumalanga;0;;0;1;FEFRTRWTFR;ZADHS2016455008;2016;DHS;;;;;1
ZAF;Northern Province;926292;Total fertility rate 15-49;3.1;1;ZA;South Africa;2016;ZA2016DHS;FE_FRTR_W_TFR;11763080;I;455009;1455009;Region;Northern Province;0;;0;1;FEFRTRWTFR;ZADHS2016455009;2016;DHS;;;;;1
ZAF;Western  Cape;3666839;Married women currently using any method of contraception;59.3;1;ZA;South Africa;2016;ZA2016DHS;FP_CUSM_W_ANY;32633010;I;455001;1455001;Region;Western  Cape;0;;0;1;FPCUSMWANY;ZADHS2016455001;2016;DHS;454;295;;;
ZAF;Eastern Cape;563368;Married women currently using any method of contraception;53.9;1;ZA;South Africa;2016;ZA2016DHS;FP_CUSM_W_ANY;32633010;I;455002;1455002;Region;Eastern Cape;0;;0;1;FPCUSMWANY;ZADHS2016455002;2016;DHS;275;309;;;1
ZAF;Northern Cape;6311539;Married women currently using any method of contraception;52;1;ZA;South Africa;2016;ZA2016DHS;FP_CUSM_W_ANY;32633010;I;455003;1455003;Region;Northern Cape;0;;0;1;FPCUSMWANY;ZADHS2016455003;2016;DHS;66;268;;;1
ZAF;Free State;5779970;Married women currently using any method of contraception;46.2;1;ZA;South Africa;2016;ZA2016DHS;FP_CUSM_W_ANY;32633010;I;455004;1455004;Region;Free State;0;;0;1;FPCUSMWANY;ZADHS2016455004;2016;DHS;146;278;;;1
ZAF;KwaZulu Natal;3069672;Married women currently using any method of contraception;51.3;1;ZA;South Africa;2016;ZA2016DHS;FP_CUSM_W_ANY;32633010;I;455005;1455005;Region;KwaZulu Natal;0;;0;1;FPCUSMWANY;ZADHS2016455005;2016;DHS;361;288;;;1
ZAF;North West;6416976;Married women currently using any method of contraception;54.5;1;ZA;South Africa;2016;ZA2016DHS;FP_CUSM_W_ANY;32633010;I;455006;1455006;Region;North West;0;;0;1;FPCUSMWANY;ZADHS2016455006;2016;DHS;215;307;;;1
ZAF;Gauteng;563383;Married women currently using any method of contraception;55.6;1;ZA;South Africa;2016;ZA2016DHS;FP_CUSM_W_ANY;32633010;I;455007;1455007;Region;Gauteng;0;;0;1;FPCUSMWANY;ZADHS2016455007;2016;DHS;1035;395;;;1
ZAF;Mpumalanga;5600309;Married women currently using any method of contraception;59;1;ZA;South Africa;2016;ZA2016DHS;FP_CUSM_W_ANY;32633010;I;455008;1455008;Region;Mpumalanga;0;;0;1;FPCUSMWANY;ZADHS2016455008;2016;DHS;244;366;;;1
ZAF;Northern Province;563432;Married women currently using any method of contraception;49.2;1;ZA;South Africa;2016;ZA2016DHS;FP_CUSM_W_ANY;32633010;I;455009;1455009;Region;Northern Province;0;;0;1;FPCUSMWANY;ZADHS2016455009;2016;DHS;254;335;;;1
ZAF;Western  Cape;3666840;Married women currently using any modern method of contraception;59;1;ZA;South Africa;2016;ZA2016DHS;FP_CUSM_W_MOD;32633020;I;455001;1455001;Region;Western  Cape;0;;0;1;FPCUSMWMOD;ZADHS2016455001;2016;DHS;454;295;;;
ZAF;Eastern Cape;563369;Married women currently using any modern method of contraception;53.9;1;ZA;South Africa;2016;ZA2016DHS;FP_CUSM_W_MOD;32633020;I;455002;1455002;Region;Eastern Cape;0;;0;1;FPCUSMWMOD;ZADHS2016455002;2016;DHS;275;309;;;1
ZAF;Northern Cape;6311540;Married women currently using any modern method of contraception;51.6;1;ZA;South Africa;2016;ZA2016DHS;FP_CUSM_W_MOD;32633020;I;455003;1455003;Region;Northern Cape;0;;0;1;FPCUSMWMOD;ZADHS2016455003;2016;DHS;66;268;;;1
ZAF;Free State;5779971;Married women currently using any modern method of contraception;46.2;1;ZA;South Africa;2016;ZA2016DHS;FP_CUSM_W_MOD;32633020;I;455004;1455004;Region;Free State;0;;0;1;FPCUSMWMOD;ZADHS2016455004;2016;DHS;146;278;;;1
ZAF;KwaZulu Natal;3069675;Married women currently using any modern method of contraception;50.7;1;ZA;South Africa;2016;ZA2016DHS;FP_CUSM_W_MOD;32633020;I;455005;1455005;Region;KwaZulu Natal;0;;0;1;FPCUSMWMOD;ZADHS2016455005;2016;DHS;361;288;;;1
ZAF;North West;6416977;Married women currently using any modern method of contraception;54.2;1;ZA;South Africa;2016;ZA2016DHS;FP_CUSM_W_MOD;32633020;I;455006;1455006;Region;North West;0;;0;1;FPCUSMWMOD;ZADHS2016455006;2016;DHS;215;307;;;1
ZAF;Gauteng;563384;Married women currently using any modern method of contraception;54.7;1;ZA;South Africa;2016;ZA2016DHS;FP_CUSM_W_MOD;32633020;I;455007;1455007;Region;Gauteng;0;;0;1;FPCUSMWMOD;ZADHS2016455007;2016;DHS;1035;395;;;1
ZAF;Mpumalanga;5600310;Married women currently using any modern method of contraception;58.3;1;ZA;South Africa;2016;ZA2016DHS;FP_CUSM_W_MOD;32633020;I;455008;1455008;Region;Mpumalanga;0;;0;1;FPCUSMWMOD;ZADHS2016455008;2016;DHS;244;366;;;1
ZAF;Northern Province;563433;Married women currently using any modern method of contraception;48.3;1;ZA;South Africa;2016;ZA2016DHS;FP_CUSM_W_MOD;32633020;I;455009;1455009;Region;Northern Province;0;;0;1;FPCUSMWMOD;ZADHS2016455009;2016;DHS;254;335;;;1
ZAF;Western  Cape;5475572;Unmet need for family planning;10.1;1;ZA;South Africa;2016;ZA2016DHS;FP_NADM_W_UNT;32933030;I;455001;1455001;Region;Western  Cape;0;;0;1;FPNADMWUNT;ZADHS2016455001;2016;DHS;454;295;;;
ZAF;Eastern Cape;2198457;Unmet need for family planning;16.2;1;ZA;South Africa;2016;ZA2016DHS;FP_NADM_W_UNT;32933030;I;455002;1455002;Region;Eastern Cape;0;;0;1;FPNADMWUNT;ZADHS2016455002;2016;DHS;275;309;;;1
ZAF;Northern Cape;3986599;Unmet need for family planning;16;1;ZA;South Africa;2016;ZA2016DHS;FP_NADM_W_UNT;32933030;I;455003;1455003;Region;Northern Cape;0;;0;1;FPNADMWUNT;ZADHS2016455003;2016;DHS;66;268;;;1
ZAF;Free State;3448513;Unmet need for family planning;16.1;1;ZA;South Africa;2016;ZA2016DHS;FP_NADM_W_UNT;32933030;I;455004;1455004;Region;Free State;0;;0;1;FPNADMWUNT;ZADHS2016455004;2016;DHS;146;278;;;1
ZAF;KwaZulu Natal;4213725;Unmet need for family planning;18.1;1;ZA;South Africa;2016;ZA2016DHS;FP_NADM_W_UNT;32933030;I;455005;1455005;Region;KwaZulu Natal;0;;0;1;FPNADMWUNT;ZADHS2016455005;2016;DHS;361;288;;;1
ZAF;North West;3195201;Unmet need for family planning;13.9;1;ZA;South Africa;2016;ZA2016DHS;FP_NADM_W_UNT;32933030;I;455006;1455006;Region;North West;0;;0;1;FPNADMWUNT;ZADHS2016455006;2016;DHS;215;307;;;1
ZAF;Gauteng;4663127;Unmet need for family planning;14.3;1;ZA;South Africa;2016;ZA2016DHS;FP_NADM_W_UNT;32933030;I;455007;1455007;Region;Gauteng;0;;0;1;FPNADMWUNT;ZADHS2016455007;2016;DHS;1035;395;;;1
ZAF;Mpumalanga;5243226;Unmet need for family planning;13.1;1;ZA;South Africa;2016;ZA2016DHS;FP_NADM_W_UNT;32933030;I;455008;1455008;Region;Mpumalanga;0;;0;1;FPNADMWUNT;ZADHS2016455008;2016;DHS;244;366;;;1
ZAF;Northern Province;6352787;Unmet need for family planning;20.9;1;ZA;South Africa;2016;ZA2016DHS;FP_NADM_W_UNT;32933030;I;455009;1455009;Region;Northern Province;0;;0;1;FPNADMWUNT;ZADHS2016455009;2016;DHS;254;335;;;1
ZAF;Western  Cape;2340030;Demand for family planning satisfied by modern methods;84.9;1;ZA;South Africa;2016;ZA2016DHS;FP_NADM_W_PDM;32933150;I;455001;1455001;Region;Western  Cape;0;;0;1;FPNADMWPDM;ZADHS2016455001;2016;DHS;315;200;;;
ZAF;Eastern Cape;3239879;Demand for family planning satisfied by modern methods;76.9;1;ZA;South Africa;2016;ZA2016DHS;FP_NADM_W_PDM;32933150;I;455002;1455002;Region;Eastern Cape;0;;0;1;FPNADMWPDM;ZADHS2016455002;2016;DHS;193;220;;;1
ZAF;Northern Cape;4370558;Demand for family planning satisfied by modern methods;76;1;ZA;South Africa;2016;ZA2016DHS;FP_NADM_W_PDM;32933150;I;455003;1455003;Region;Northern Cape;0;;0;1;FPNADMWPDM;ZADHS2016455003;2016;DHS;45;184;;;1
ZAF;Free State;2713620;Demand for family planning satisfied by modern methods;74.2;1;ZA;South Africa;2016;ZA2016DHS;FP_NADM_W_PDM;32933150;I;455004;1455004;Region;Free State;0;;0;1;FPNADMWPDM;ZADHS2016455004;2016;DHS;91;173;;;1
ZAF;KwaZulu Natal;2872649;Demand for family planning satisfied by modern methods;73.1;1;ZA;South Africa;2016;ZA2016DHS;FP_NADM_W_PDM;32933150;I;455005;1455005;Region;KwaZulu Natal;0;;0;1;FPNADMWPDM;ZADHS2016455005;2016;DHS;251;196;;;1
ZAF;North West;3790071;Demand for family planning satisfied by modern methods;79.2;1;ZA;South Africa;2016;ZA2016DHS;FP_NADM_W_PDM;32933150;I;455006;1455006;Region;North West;0;;0;1;FPNADMWPDM;ZADHS2016455006;2016;DHS;147;209;;;1
ZAF;Gauteng;4867552;Demand for family planning satisfied by modern methods;78.2;1;ZA;South Africa;2016;ZA2016DHS;FP_NADM_W_PDM;32933150;I;455007;1455007;Region;Gauteng;0;;0;1;FPNADMWPDM;ZADHS2016455007;2016;DHS;723;273;;;1
ZAF;Mpumalanga;4153800;Demand for family planning satisfied by modern methods;80.8;1;ZA;South Africa;2016;ZA2016DHS;FP_NADM_W_PDM;32933150;I;455008;1455008;Region;Mpumalanga;0;;0;1;FPNADMWPDM;ZADHS2016455008;2016;DHS;176;264;;;1
ZAF;Northern Province;6606966;Demand for family planning satisfied by modern methods;69;1;ZA;South Africa;2016;ZA2016DHS;FP_NADM_W_PDM;32933150;I;455009;1455009;Region;Northern Province;0;;0;1;FPNADMWPDM;ZADHS2016455009;2016;DHS;178;234;;;1
ZAF;Western  Cape;444109;Median age at first sexual intercourse [Women]: 25-49;18.8;1;ZA;South Africa;2016;ZA2016DHS;SX_AAFS_W_M2B;51703090;I;455001;1455001;Region;Western  Cape;0;;0;1;SXAAFSWM2B;ZADHS2016455001;2016;DHS;;;;;
ZAF;Eastern Cape;444077;Median age at first sexual intercourse [Women]: 25-49;17.5;1;ZA;South Africa;2016;ZA2016DHS;SX_AAFS_W_M2B;51703090;I;455002;1455002;Region;Eastern Cape;0;;0;1;SXAAFSWM2B;ZADHS2016455002;2016;DHS;;;;;1
ZAF;Northern Cape;426971;Median age at first sexual intercourse [Women]: 25-49;18.6;1;ZA;South Africa;2016;ZA2016DHS;SX_AAFS_W_M2B;51703090;I;455003;1455003;Region;Northern Cape;0;;0;1;SXAAFSWM2B;ZADHS2016455003;2016;DHS;;;;;1
ZAF;Free State;426989;Median age at first sexual intercourse [Women]: 25-49;18.2;1;ZA;South Africa;2016;ZA2016DHS;SX_AAFS_W_M2B;51703090;I;455004;1455004;Region;Free State;0;;0;1;SXAAFSWM2B;ZADHS2016455004;2016;DHS;;;;;1
ZAF;KwaZulu Natal;436056;Median age at first sexual intercourse [Women]: 25-49;18.6;1;ZA;South Africa;2016;ZA2016DHS;SX_AAFS_W_M2B;51703090;I;455005;1455005;Region;KwaZulu Natal;0;;0;1;SXAAFSWM2B;ZADHS2016455005;2016;DHS;;;;;1
ZAF;North West;427023;Median age at first sexual intercourse [Women]: 25-49;18;1;ZA;South Africa;2016;ZA2016DHS;SX_AAFS_W_M2B;51703090;I;455006;1455006;Region;North West;0;;0;1;SXAAFSWM2B;ZADHS2016455006;2016;DHS;;;;;1
ZAF;Gauteng;444111;Median age at first sexual intercourse [Women]: 25-49;17.8;1;ZA;South Africa;2016;ZA2016DHS;SX_AAFS_W_M2B;51703090;I;455007;1455007;Region;Gauteng;0;;0;1;SXAAFSWM2B;ZADHS2016455007;2016;DHS;;;;;1
ZAF;Mpumalanga;444201;Median age at first sexual intercourse [Women]: 25-49;17.7;1;ZA;South Africa;2016;ZA2016DHS;SX_AAFS_W_M2B;51703090;I;455008;1455008;Region;Mpumalanga;0;;0;1;SXAAFSWM2B;ZADHS2016455008;2016;DHS;;;;;1
ZAF;Northern Province;444153;Median age at first sexual intercourse [Women]: 25-49;17.9;1;ZA;South Africa;2016;ZA2016DHS;SX_AAFS_W_M2B;51703090;I;455009;1455009;Region;Northern Province;0;;0;1;SXAAFSWM2B;ZADHS2016455009;2016;DHS;;;;;1
ZAF;Western  Cape;2109297;Infant mortality rate;39;0;ZA;South Africa;2016;ZA2016DHS;CM_ECMR_C_IMR;63206030;I;455001;1455001;Region;Western  Cape;14003;Ten years preceding the survey;0;1;CMECMRCIMR;ZADHS2016455001;2016;DHS;;;2;76;
ZAF;Eastern Cape;673019;Infant mortality rate;50;0;ZA;South Africa;2016;ZA2016DHS;CM_ECMR_C_IMR;63206030;I;455002;1455002;Region;Eastern Cape;14003;Ten years preceding the survey;0;1;CMECMRCIMR;ZADHS2016455002;2016;DHS;;;35;65;1
ZAF;Northern Cape;6866758;Infant mortality rate;43;0;ZA;South Africa;2016;ZA2016DHS;CM_ECMR_C_IMR;63206030;I;455003;1455003;Region;Northern Cape;14003;Ten years preceding the survey;0;1;CMECMRCIMR;ZADHS2016455003;2016;DHS;;;22;64;1
ZAF;Free State;6392015;Infant mortality rate;53;0;ZA;South Africa;2016;ZA2016DHS;CM_ECMR_C_IMR;63206030;I;455004;1455004;Region;Free State;14003;Ten years preceding the survey;0;1;CMECMRCIMR;ZADHS2016455004;2016;DHS;;;32;73;1
ZAF;KwaZulu Natal;6853697;Infant mortality rate;40;0;ZA;South Africa;2016;ZA2016DHS;CM_ECMR_C_IMR;63206030;I;455005;1455005;Region;KwaZulu Natal;14003;Ten years preceding the survey;0;1;CMECMRCIMR;ZADHS2016455005;2016;DHS;;;26;54;1
ZAF;North West;803302;Infant mortality rate;55;0;ZA;South Africa;2016;ZA2016DHS;CM_ECMR_C_IMR;63206030;I;455006;1455006;Region;North West;14003;Ten years preceding the survey;0;1;CMECMRCIMR;ZADHS2016455006;2016;DHS;;;39;71;1
ZAF;Gauteng;2109567;Infant mortality rate;42;0;ZA;South Africa;2016;ZA2016DHS;CM_ECMR_C_IMR;63206030;I;455007;1455007;Region;Gauteng;14003;Ten years preceding the survey;0;1;CMECMRCIMR;ZADHS2016455007;2016;DHS;;;19;65;1
ZAF;Mpumalanga;2109393;Infant mortality rate;53;0;ZA;South Africa;2016;ZA2016DHS;CM_ECMR_C_IMR;63206030;I;455008;1455008;Region;Mpumalanga;14003;Ten years preceding the survey;0;1;CMECMRCIMR;ZADHS2016455008;2016;DHS;;;37;70;1
ZAF;Northern Province;2109373;Infant mortality rate;24;0;ZA;South Africa;2016;ZA2016DHS;CM_ECMR_C_IMR;63206030;I;455009;1455009;Region;Northern Province;14003;Ten years preceding the survey;0;1;CMECMRCIMR;ZADHS2016455009;2016;DHS;;;14;34;1
ZAF;Western  Cape;6841608;Under-five mortality rate;43;0;ZA;South Africa;2016;ZA2016DHS;CM_ECMR_C_U5M;63206050;I;455001;1455001;Region;Western  Cape;14003;Ten years preceding the survey;0;1;CMECMRCU5M;ZADHS2016455001;2016;DHS;;;6;80;
ZAF;Eastern Cape;741656;Under-five mortality rate;64;0;ZA;South Africa;2016;ZA2016DHS;CM_ECMR_C_U5M;63206050;I;455002;1455002;Region;Eastern Cape;14003;Ten years preceding the survey;0;1;CMECMRCU5M;ZADHS2016455002;2016;DHS;;;46;82;1
ZAF;Northern Cape;686200;Under-five mortality rate;51;0;ZA;South Africa;2016;ZA2016DHS;CM_ECMR_C_U5M;63206050;I;455003;1455003;Region;Northern Cape;14003;Ten years preceding the survey;0;1;CMECMRCU5M;ZADHS2016455003;2016;DHS;;;28;74;1
ZAF;Free State;6740969;Under-five mortality rate;63;0;ZA;South Africa;2016;ZA2016DHS;CM_ECMR_C_U5M;63206050;I;455004;1455004;Region;Free State;14003;Ten years preceding the survey;0;1;CMECMRCU5M;ZADHS2016455004;2016;DHS;;;42;85;1
ZAF;KwaZulu Natal;797398;Under-five mortality rate;44;0;ZA;South Africa;2016;ZA2016DHS;CM_ECMR_C_U5M;63206050;I;455005;1455005;Region;KwaZulu Natal;14003;Ten years preceding the survey;0;1;CMECMRCU5M;ZADHS2016455005;2016;DHS;;;30;58;1
ZAF;North West;687724;Under-five mortality rate;65;0;ZA;South Africa;2016;ZA2016DHS;CM_ECMR_C_U5M;63206050;I;455006;1455006;Region;North West;14003;Ten years preceding the survey;0;1;CMECMRCU5M;ZADHS2016455006;2016;DHS;;;49;82;1
ZAF;Gauteng;2109375;Under-five mortality rate;46;0;ZA;South Africa;2016;ZA2016DHS;CM_ECMR_C_U5M;63206050;I;455007;1455007;Region;Gauteng;14003;Ten years preceding the survey;0;1;CMECMRCU5M;ZADHS2016455007;2016;DHS;;;22;69;1
ZAF;Mpumalanga;2109357;Under-five mortality rate;70;0;ZA;South Africa;2016;ZA2016DHS;CM_ECMR_C_U5M;63206050;I;455008;1455008;Region;Mpumalanga;14003;Ten years preceding the survey;0;1;CMECMRCU5M;ZADHS2016455008;2016;DHS;;;52;89;1
ZAF;Northern Province;2109333;Under-five mortality rate;34;0;ZA;South Africa;2016;ZA2016DHS;CM_ECMR_C_U5M;63206050;I;455009;1455009;Region;Northern Province;14003;Ten years preceding the survey;0;1;CMECMRCU5M;ZADHS2016455009;2016;DHS;;;19;49;1
ZAF;Western  Cape;122830;Place of delivery: Health facility;98;1;ZA;South Africa;2016;ZA2016DHS;RH_DELP_C_DHF;83566070;I;455001;1455001;Region;Western  Cape;14000;Three years preceding the survey;0;0;RHDELPCDHF;ZADHS2016455001;2016;DHS;176;115;;;
ZAF;Western  Cape;4811132;Place of delivery: Health facility;98.8;1;ZA;South Africa;2016;ZA2016DHS;RH_DELP_C_DHF;83566070;I;455001;1455001;Region;Western  Cape;14001;Five years preceding the survey;0;0;RHDELPCDHF;ZADHS2016455001;2016;DHS;313;206;;;
ZAF;Western  Cape;5825756;Place of delivery: Health facility;97;1;ZA;South Africa;2016;ZA2016DHS;RH_DELP_C_DHF;83566070;I;455001;1455001;Region;Western  Cape;14002;Two years preceding the survey;0;1;RHDELPCDHF;ZADHS2016455001;2016;DHS;119;78;;;
ZAF;Eastern Cape;2689468;Place of delivery: Health facility;92;1;ZA;South Africa;2016;ZA2016DHS;RH_DELP_C_DHF;83566070;I;455002;1455002;Region;Eastern Cape;14000;Three years preceding the survey;0;0;RHDELPCDHF;ZADHS2016455002;2016;DHS;243;274;;;1
ZAF;Eastern Cape;5714587;Place of delivery: Health facility;91.3;1;ZA;South Africa;2016;ZA2016DHS;RH_DELP_C_DHF;83566070;I;455002;1455002;Region;Eastern Cape;14001;Five years preceding the survey;0;0;RHDELPCDHF;ZADHS2016455002;2016;DHS;398;450;;;1
ZAF;Eastern Cape;2803067;Place of delivery: Health facility;90.9;1;ZA;South Africa;2016;ZA2016DHS;RH_DELP_C_DHF;83566070;I;455002;1455002;Region;Eastern Cape;14002;Two years preceding the survey;0;1;RHDELPCDHF;ZADHS2016455002;2016;DHS;166;185;;;1
ZAF;Northern Cape;6800792;Place of delivery: Health facility;98.8;1;ZA;South Africa;2016;ZA2016DHS;RH_DELP_C_DHF;83566070;I;455003;1455003;Region;Northern Cape;14000;Three years preceding the survey;0;0;RHDELPCDHF;ZADHS2016455003;2016;DHS;40;171;;;1
ZAF;Northern Cape;116818;Place of delivery: Health facility;97.3;1;ZA;South Africa;2016;ZA2016DHS;RH_DELP_C_DHF;83566070;I;455003;1455003;Region;Northern Cape;14001;Five years preceding the survey;0;0;RHDELPCDHF;ZADHS2016455003;2016;DHS;69;286;;;1
ZAF;Northern Cape;4655546;Place of delivery: Health facility;98.2;1;ZA;South Africa;2016;ZA2016DHS;RH_DELP_C_DHF;83566070;I;455003;1455003;Region;Northern Cape;14002;Two years preceding the survey;0;1;RHDELPCDHF;ZADHS2016455003;2016;DHS;28;115;;;1
ZAF;Free State;6482644;Place of delivery: Health facility;96.1;1;ZA;South Africa;2016;ZA2016DHS;RH_DELP_C_DHF;83566070;I;455004;1455004;Region;Free State;14000;Three years preceding the survey;0;0;RHDELPCDHF;ZADHS2016455004;2016;DHS;94;181;;;1
ZAF;Free State;116827;Place of delivery: Health facility;96;1;ZA;South Africa;2016;ZA2016DHS;RH_DELP_C_DHF;83566070;I;455004;1455004;Region;Free State;14001;Five years preceding the survey;0;0;RHDELPCDHF;ZADHS2016455004;2016;DHS;164;318;;;1
ZAF;Free State;5521738;Place of delivery: Health facility;97.6;1;ZA;South Africa;2016;ZA2016DHS;RH_DELP_C_DHF;83566070;I;455004;1455004;Region;Free State;14002;Two years preceding the survey;0;1;RHDELPCDHF;ZADHS2016455004;2016;DHS;60;117;;;1
ZAF;KwaZulu Natal;130405;Place of delivery: Health facility;96.8;1;ZA;South Africa;2016;ZA2016DHS;RH_DELP_C_DHF;83566070;I;455005;1455005;Region;KwaZulu Natal;14000;Three years preceding the survey;0;0;RHDELPCDHF;ZADHS2016455005;2016;DHS;381;323;;;1
ZAF;KwaZulu Natal;1035391;Place of delivery: Health facility;95.4;1;ZA;South Africa;2016;ZA2016DHS;RH_DELP_C_DHF;83566070;I;455005;1455005;Region;KwaZulu Natal;14001;Five years preceding the survey;0;0;RHDELPCDHF;ZADHS2016455005;2016;DHS;654;555;;;1
ZAF;KwaZulu Natal;6193381;Place of delivery: Health facility;97.3;1;ZA;South Africa;2016;ZA2016DHS;RH_DELP_C_DHF;83566070;I;455005;1455005;Region;KwaZulu Natal;14002;Two years preceding the survey;0;1;RHDELPCDHF;ZADHS2016455005;2016;DHS;270;229;;;1
ZAF;North West;3477459;Place of delivery: Health facility;96.1;1;ZA;South Africa;2016;ZA2016DHS;RH_DELP_C_DHF;83566070;I;455006;1455006;Region;North West;14000;Three years preceding the survey;0;0;RHDELPCDHF;ZADHS2016455006;2016;DHS;165;229;;;1
ZAF;North West;2189815;Place of delivery: Health facility;95.4;1;ZA;South Africa;2016;ZA2016DHS;RH_DELP_C_DHF;83566070;I;455006;1455006;Region;North West;14001;Five years preceding the survey;0;0;RHDELPCDHF;ZADHS2016455006;2016;DHS;282;395;;;1
ZAF;North West;116848;Place of delivery: Health facility;95.7;1;ZA;South Africa;2016;ZA2016DHS;RH_DELP_C_DHF;83566070;I;455006;1455006;Region;North West;14002;Two years preceding the survey;0;1;RHDELPCDHF;ZADHS2016455006;2016;DHS;106;140;;;1
ZAF;Gauteng;122809;Place of delivery: Health facility;96.3;1;ZA;South Africa;2016;ZA2016DHS;RH_DELP_C_DHF;83566070;I;455007;1455007;Region;Gauteng;14000;Three years preceding the survey;0;0;RHDELPCDHF;ZADHS2016455007;2016;DHS;575;214;;;1
ZAF;Gauteng;667932;Place of delivery: Health facility;96.9;1;ZA;South Africa;2016;ZA2016DHS;RH_DELP_C_DHF;83566070;I;455007;1455007;Region;Gauteng;14001;Five years preceding the survey;0;0;RHDELPCDHF;ZADHS2016455007;2016;DHS;1013;370;;;1
ZAF;Gauteng;4783170;Place of delivery: Health facility;96.2;1;ZA;South Africa;2016;ZA2016DHS;RH_DELP_C_DHF;83566070;I;455007;1455007;Region;Gauteng;14002;Two years preceding the survey;0;1;RHDELPCDHF;ZADHS2016455007;2016;DHS;389;144;;;1
ZAF;Mpumalanga;3301006;Place of delivery: Health facility;94.4;1;ZA;South Africa;2016;ZA2016DHS;RH_DELP_C_DHF;83566070;I;455008;1455008;Region;Mpumalanga;14000;Three years preceding the survey;0;0;RHDELPCDHF;ZADHS2016455008;2016;DHS;197;300;;;1
ZAF;Mpumalanga;3946451;Place of delivery: Health facility;95.3;1;ZA;South Africa;2016;ZA2016DHS;RH_DELP_C_DHF;83566070;I;455008;1455008;Region;Mpumalanga;14001;Five years preceding the survey;0;0;RHDELPCDHF;ZADHS2016455008;2016;DHS;332;501;;;1
ZAF;Mpumalanga;6440722;Place of delivery: Health facility;96.1;1;ZA;South Africa;2016;ZA2016DHS;RH_DELP_C_DHF;83566070;I;455008;1455008;Region;Mpumalanga;14002;Two years preceding the survey;0;1;RHDELPCDHF;ZADHS2016455008;2016;DHS;131;200;;;1
ZAF;Northern Province;2890109;Place of delivery: Health facility;97.6;1;ZA;South Africa;2016;ZA2016DHS;RH_DELP_C_DHF;83566070;I;455009;1455009;Region;Northern Province;14000;Three years preceding the survey;0;0;RHDELPCDHF;ZADHS2016455009;2016;DHS;220;298;;;1
ZAF;Northern Province;6096211;Place of delivery: Health facility;97.5;1;ZA;South Africa;2016;ZA2016DHS;RH_DELP_C_DHF;83566070;I;455009;1455009;Region;Northern Province;14001;Five years preceding the survey;0;0;RHDELPCDHF;ZADHS2016455009;2016;DHS;347;467;;;1
ZAF;Northern Province;122893;Place of delivery: Health facility;97.9;1;ZA;South Africa;2016;ZA2016DHS;RH_DELP_C_DHF;83566070;I;455009;1455009;Region;Northern Province;14002;Two years preceding the survey;0;1;RHDELPCDHF;ZADHS2016455009;2016;DHS;146;198;;;1
ZAF;Western  Cape;1977129;Received all 8 basic vaccinations;67.7;1;ZA;South Africa;2016;ZA2016DHS;CH_VACC_C_BAS;93906230;I;455001;1455001;Region;Western  Cape;0;;0;1;CHVACCCBAS;ZADHS2016455001;2016;DHS;54;36;;;
ZAF;Eastern Cape;2605653;Received all 8 basic vaccinations;70.9;1;ZA;South Africa;2016;ZA2016DHS;CH_VACC_C_BAS;93906230;I;455002;1455002;Region;Eastern Cape;0;;0;1;CHVACCCBAS;ZADHS2016455002;2016;DHS;81;90;;;1
ZAF;Northern Cape;3675464;Received all 8 basic vaccinations;75.4;1;ZA;South Africa;2016;ZA2016DHS;CH_VACC_C_BAS;93906230;I;455003;1455003;Region;Northern Cape;0;;0;1;CHVACCCBAS;ZADHS2016455003;2016;DHS;12;51;;;1
ZAF;Free State;1964993;Received all 8 basic vaccinations;79.5;1;ZA;South Africa;2016;ZA2016DHS;CH_VACC_C_BAS;93906230;I;455004;1455004;Region;Free State;0;;0;1;CHVACCCBAS;ZADHS2016455004;2016;DHS;25;49;;;1
ZAF;KwaZulu Natal;3803759;Received all 8 basic vaccinations;62.4;1;ZA;South Africa;2016;ZA2016DHS;CH_VACC_C_BAS;93906230;I;455005;1455005;Region;KwaZulu Natal;0;;0;1;CHVACCCBAS;ZADHS2016455005;2016;DHS;135;117;;;1
ZAF;North West;1965010;Received all 8 basic vaccinations;55.7;1;ZA;South Africa;2016;ZA2016DHS;CH_VACC_C_BAS;93906230;I;455006;1455006;Region;North West;0;;0;1;CHVACCCBAS;ZADHS2016455006;2016;DHS;59;73;;;1
ZAF;Gauteng;6234291;Received all 8 basic vaccinations;51.9;1;ZA;South Africa;2016;ZA2016DHS;CH_VACC_C_BAS;93906230;I;455007;1455007;Region;Gauteng;0;;0;1;CHVACCCBAS;ZADHS2016455007;2016;DHS;180;66;;;1
ZAF;Mpumalanga;3355555;Received all 8 basic vaccinations;55.5;1;ZA;South Africa;2016;ZA2016DHS;CH_VACC_C_BAS;93906230;I;455008;1455008;Region;Mpumalanga;0;;0;1;CHVACCCBAS;ZADHS2016455008;2016;DHS;61;94;;;1
ZAF;Northern Province;1977120;Received all 8 basic vaccinations;66.7;1;ZA;South Africa;2016;ZA2016DHS;CH_VACC_C_BAS;93906230;I;455009;1455009;Region;Northern Province;0;;0;1;CHVACCCBAS;ZADHS2016455009;2016;DHS;69;94;;;1
ZAF;Eastern Cape;4319118;Treatment of diarrhea: Either ORS or RHF;73.5;1;ZA;South Africa;2016;ZA2016DHS;CH_DIAT_C_ORT;94096040;I;455002;1455002;Region;Eastern Cape;14000;Three years preceding the survey;0;0;CHDIATCORT;ZADHS2016455002;2016;DHS;29;33;;;1
ZAF;Eastern Cape;1977415;Treatment of diarrhea: Either ORS or RHF;76;1;ZA;South Africa;2016;ZA2016DHS;CH_DIAT_C_ORT;94096040;I;455002;1455002;Region;Eastern Cape;14001;Five years preceding the survey;0;1;CHDIATCORT;ZADHS2016455002;2016;DHS;36;40;;;1
ZAF;KwaZulu Natal;5456288;Treatment of diarrhea: Either ORS or RHF;71.3;1;ZA;South Africa;2016;ZA2016DHS;CH_DIAT_C_ORT;94096040;I;455005;1455005;Region;KwaZulu Natal;14000;Three years preceding the survey;0;0;CHDIATCORT;ZADHS2016455005;2016;DHS;59;45;;;1
ZAF;KwaZulu Natal;4271237;Treatment of diarrhea: Either ORS or RHF;79.7;1;ZA;South Africa;2016;ZA2016DHS;CH_DIAT_C_ORT;94096040;I;455005;1455005;Region;KwaZulu Natal;14001;Five years preceding the survey;0;1;CHDIATCORT;ZADHS2016455005;2016;DHS;87;67;;;1
ZAF;North West;5547786;Treatment of diarrhea: Either ORS or RHF;79.3;1;ZA;South Africa;2016;ZA2016DHS;CH_DIAT_C_ORT;94096040;I;455006;1455006;Region;North West;14000;Three years preceding the survey;0;0;CHDIATCORT;ZADHS2016455006;2016;DHS;31;41;;;1
ZAF;North West;6593104;Treatment of diarrhea: Either ORS or RHF;82;1;ZA;South Africa;2016;ZA2016DHS;CH_DIAT_C_ORT;94096040;I;455006;1455006;Region;North West;14001;Five years preceding the survey;0;1;CHDIATCORT;ZADHS2016455006;2016;DHS;44;56;;;1
ZAF;Gauteng;668097;Treatment of diarrhea: Either ORS or RHF;90.3;1;ZA;South Africa;2016;ZA2016DHS;CH_DIAT_C_ORT;94096040;I;455007;1455007;Region;Gauteng;14001;Five years preceding the survey;0;1;CHDIATCORT;ZADHS2016455007;2016;DHS;85;34;;;1
ZAF;Mpumalanga;1977391;Treatment of diarrhea: Either ORS or RHF;62.8;1;ZA;South Africa;2016;ZA2016DHS;CH_DIAT_C_ORT;94096040;I;455008;1455008;Region;Mpumalanga;14000;Three years preceding the survey;0;0;CHDIATCORT;ZADHS2016455008;2016;DHS;19;34;;;1
ZAF;Mpumalanga;5249113;Treatment of diarrhea: Either ORS or RHF;73.7;1;ZA;South Africa;2016;ZA2016DHS;CH_DIAT_C_ORT;94096040;I;455008;1455008;Region;Mpumalanga;14001;Five years preceding the survey;0;1;CHDIATCORT;ZADHS2016455008;2016;DHS;33;47;;;1
ZAF;Northern Province;4464240;Treatment of diarrhea: Either ORS or RHF;67.6;1;ZA;South Africa;2016;ZA2016DHS;CH_DIAT_C_ORT;94096040;I;455009;1455009;Region;Northern Province;14000;Three years preceding the survey;0;0;CHDIATCORT;ZADHS2016455009;2016;DHS;34;46;;;1
ZAF;Northern Province;3385582;Treatment of diarrhea: Either ORS or RHF;71.3;1;ZA;South Africa;2016;ZA2016DHS;CH_DIAT_C_ORT;94096040;I;455009;1455009;Region;Northern Province;14001;Five years preceding the survey;0;1;CHDIATCORT;ZADHS2016455009;2016;DHS;41;56;;;1
ZAF;Western  Cape;1780614;Children stunted;22.9;1;ZA;South Africa;2016;ZA2016DHS;CN_NUTS_C_HA2;104236020;I;455001;1455001;Region;Western  Cape;0;;0;1;CNNUTSCHA2;ZADHS2016455001;2016;DHS;64;50;;;
ZAF;Eastern Cape;6151092;Children stunted;24.8;1;ZA;South Africa;2016;ZA2016DHS;CN_NUTS_C_HA2;104236020;I;455002;1455002;Region;Eastern Cape;0;;0;1;CNNUTSCHA2;ZADHS2016455002;2016;DHS;210;225;;;1
ZAF;Northern Cape;1766437;Children stunted;21.4;1;ZA;South Africa;2016;ZA2016DHS;CN_NUTS_C_HA2;104236020;I;455003;1455003;Region;Northern Cape;0;;0;1;CNNUTSCHA2;ZADHS2016455003;2016;DHS;25;104;;;1
ZAF;Free State;4680873;Children stunted;33.5;1;ZA;South Africa;2016;ZA2016DHS;CN_NUTS_C_HA2;104236020;I;455004;1455004;Region;Free State;0;;0;1;CNNUTSCHA2;ZADHS2016455004;2016;DHS;72;142;;;1
ZAF;KwaZulu Natal;2267533;Children stunted;28.5;1;ZA;South Africa;2016;ZA2016DHS;CN_NUTS_C_HA2;104236020;I;455005;1455005;Region;KwaZulu Natal;0;;0;1;CNNUTSCHA2;ZADHS2016455005;2016;DHS;283;227;;;1
ZAF;North West;1766423;Children stunted;27.4;1;ZA;South Africa;2016;ZA2016DHS;CN_NUTS_C_HA2;104236020;I;455006;1455006;Region;North West;0;;0;1;CNNUTSCHA2;ZADHS2016455006;2016;DHS;128;165;;;1
ZAF;Gauteng;3892546;Children stunted;34.2;1;ZA;South Africa;2016;ZA2016DHS;CN_NUTS_C_HA2;104236020;I;455007;1455007;Region;Gauteng;0;;0;1;CNNUTSCHA2;ZADHS2016455007;2016;DHS;303;114;;;1
ZAF;Mpumalanga;1780603;Children stunted;21.5;1;ZA;South Africa;2016;ZA2016DHS;CN_NUTS_C_HA2;104236020;I;455008;1455008;Region;Mpumalanga;0;;0;1;CNNUTSCHA2;ZADHS2016455008;2016;DHS;151;232;;;1
ZAF;Northern Province;5067798;Children stunted;21.9;1;ZA;South Africa;2016;ZA2016DHS;CN_NUTS_C_HA2;104236020;I;455009;1455009;Region;Northern Province;0;;0;1;CNNUTSCHA2;ZADHS2016455009;2016;DHS;168;209;;;1
ZAF;Western  Cape;6462702;Children wasted;1.7;1;ZA;South Africa;2016;ZA2016DHS;CN_NUTS_C_WH2;104236050;I;455001;1455001;Region;Western  Cape;0;;0;1;CNNUTSCWH2;ZADHS2016455001;2016;DHS;63;49;;;
ZAF;Eastern Cape;2288275;Children wasted;1.5;1;ZA;South Africa;2016;ZA2016DHS;CN_NUTS_C_WH2;104236050;I;455002;1455002;Region;Eastern Cape;0;;0;1;CNNUTSCWH2;ZADHS2016455002;2016;DHS;210;225;;;1
ZAF;Northern Cape;4597661;Children wasted;2.1;1;ZA;South Africa;2016;ZA2016DHS;CN_NUTS_C_WH2;104236050;I;455003;1455003;Region;Northern Cape;0;;0;1;CNNUTSCWH2;ZADHS2016455003;2016;DHS;24;100;;;1
ZAF;Free State;4512797;Children wasted;4.6;1;ZA;South Africa;2016;ZA2016DHS;CN_NUTS_C_WH2;104236050;I;455004;1455004;Region;Free State;0;;0;1;CNNUTSCWH2;ZADHS2016455004;2016;DHS;70;137;;;1
ZAF;KwaZulu Natal;6049961;Children wasted;2.5;1;ZA;South Africa;2016;ZA2016DHS;CN_NUTS_C_WH2;104236050;I;455005;1455005;Region;KwaZulu Natal;0;;0;1;CNNUTSCWH2;ZADHS2016455005;2016;DHS;266;208;;;1
ZAF;North West;2741753;Children wasted;5.9;1;ZA;South Africa;2016;ZA2016DHS;CN_NUTS_C_WH2;104236050;I;455006;1455006;Region;North West;0;;0;1;CNNUTSCWH2;ZADHS2016455006;2016;DHS;128;166;;;1
ZAF;Gauteng;5561676;Children wasted;1.3;1;ZA;South Africa;2016;ZA2016DHS;CN_NUTS_C_WH2;104236050;I;455007;1455007;Region;Gauteng;0;;0;1;CNNUTSCWH2;ZADHS2016455007;2016;DHS;297;114;;;1
ZAF;Mpumalanga;5008082;Children wasted;0.5;1;ZA;South Africa;2016;ZA2016DHS;CN_NUTS_C_WH2;104236050;I;455008;1455008;Region;Mpumalanga;0;;0;1;CNNUTSCWH2;ZADHS2016455008;2016;DHS;152;235;;;1
ZAF;Northern Province;3969529;Children wasted;4.1;1;ZA;South Africa;2016;ZA2016DHS;CN_NUTS_C_WH2;104236050;I;455009;1455009;Region;Northern Province;0;;0;1;CNNUTSCWH2;ZADHS2016455009;2016;DHS;173;215;;;1
ZAF;Western  Cape;2260958;Children underweight;11.9;1;ZA;South Africa;2016;ZA2016DHS;CN_NUTS_C_WA2;104236090;I;455001;1455001;Region;Western  Cape;0;;0;1;CNNUTSCWA2;ZADHS2016455001;2016;DHS;64;50;;;
ZAF;Eastern Cape;1780594;Children underweight;3.4;1;ZA;South Africa;2016;ZA2016DHS;CN_NUTS_C_WA2;104236090;I;455002;1455002;Region;Eastern Cape;0;;0;1;CNNUTSCWA2;ZADHS2016455002;2016;DHS;211;226;;;1
ZAF;Northern Cape;3874112;Children underweight;8.4;1;ZA;South Africa;2016;ZA2016DHS;CN_NUTS_C_WA2;104236090;I;455003;1455003;Region;Northern Cape;0;;0;1;CNNUTSCWA2;ZADHS2016455003;2016;DHS;25;104;;;1
ZAF;Free State;6513161;Children underweight;8;1;ZA;South Africa;2016;ZA2016DHS;CN_NUTS_C_WA2;104236090;I;455004;1455004;Region;Free State;0;;0;1;CNNUTSCWA2;ZADHS2016455004;2016;DHS;74;145;;;1
ZAF;KwaZulu Natal;4327948;Children underweight;3.8;1;ZA;South Africa;2016;ZA2016DHS;CN_NUTS_C_WA2;104236090;I;455005;1455005;Region;KwaZulu Natal;0;;0;1;CNNUTSCWA2;ZADHS2016455005;2016;DHS;281;219;;;1
ZAF;North West;2884477;Children underweight;12.6;1;ZA;South Africa;2016;ZA2016DHS;CN_NUTS_C_WA2;104236090;I;455006;1455006;Region;North West;0;;0;1;CNNUTSCWA2;ZADHS2016455006;2016;DHS;130;169;;;1
ZAF;Gauteng;4724324;Children underweight;5.8;1;ZA;South Africa;2016;ZA2016DHS;CN_NUTS_C_WA2;104236090;I;455007;1455007;Region;Gauteng;0;;0;1;CNNUTSCWA2;ZADHS2016455007;2016;DHS;304;115;;;1
ZAF;Mpumalanga;3060128;Children underweight;4.7;1;ZA;South Africa;2016;ZA2016DHS;CN_NUTS_C_WA2;104236090;I;455008;1455008;Region;Mpumalanga;0;;0;1;CNNUTSCWA2;ZADHS2016455008;2016;DHS;154;237;;;1
ZAF;Northern Province;1780608;Children underweight;4.9;1;ZA;South Africa;2016;ZA2016DHS;CN_NUTS_C_WA2;104236090;I;455009;1455009;Region;Northern Province;0;;0;1;CNNUTSCWA2;ZADHS2016455009;2016;DHS;173;214;;;1
ZAF;Western  Cape;1780699;Median duration of exclusive breastfeeding;0.8;1;ZA;South Africa;2016;ZA2016DHS;CN_BFDR_C_MDE;104336020;I;455001;1455001;Region;Western  Cape;0;;0;1;CNBFDRCMDE;ZADHS2016455001;2016;DHS;;;;;
ZAF;Eastern Cape;1780707;Median duration of exclusive breastfeeding;0.7;1;ZA;South Africa;2016;ZA2016DHS;CN_BFDR_C_MDE;104336020;I;455002;1455002;Region;Eastern Cape;0;;0;1;CNBFDRCMDE;ZADHS2016455002;2016;DHS;;;;;1
ZAF;Northern Cape;1766545;Median duration of exclusive breastfeeding;4.4;1;ZA;South Africa;2016;ZA2016DHS;CN_BFDR_C_MDE;104336020;I;455003;1455003;Region;Northern Cape;0;;0;1;CNBFDRCMDE;ZADHS2016455003;2016;DHS;;;;;1
ZAF;Free State;1766551;Median duration of exclusive breastfeeding;0.8;1;ZA;South Africa;2016;ZA2016DHS;CN_BFDR_C_MDE;104336020;I;455004;1455004;Region;Free State;0;;0;1;CNBFDRCMDE;ZADHS2016455004;2016;DHS;;;;;1
ZAF;KwaZulu Natal;1774567;Median duration of exclusive breastfeeding;0.7;1;ZA;South Africa;2016;ZA2016DHS;CN_BFDR_C_MDE;104336020;I;455005;1455005;Region;KwaZulu Natal;0;;0;1;CNBFDRCMDE;ZADHS2016455005;2016;DHS;;;;;1
ZAF;North West;1766538;Median duration of exclusive breastfeeding;1.8;1;ZA;South Africa;2016;ZA2016DHS;CN_BFDR_C_MDE;104336020;I;455006;1455006;Region;North West;0;;0;1;CNBFDRCMDE;ZADHS2016455006;2016;DHS;;;;;1
ZAF;Gauteng;1780737;Median duration of exclusive breastfeeding;0.8;1;ZA;South Africa;2016;ZA2016DHS;CN_BFDR_C_MDE;104336020;I;455007;1455007;Region;Gauteng;0;;0;1;CNBFDRCMDE;ZADHS2016455007;2016;DHS;;;;;1
ZAF;Mpumalanga;1780704;Median duration of exclusive breastfeeding;0.7;1;ZA;South Africa;2016;ZA2016DHS;CN_BFDR_C_MDE;104336020;I;455008;1455008;Region;Mpumalanga;0;;0;1;CNBFDRCMDE;ZADHS2016455008;2016;DHS;;;;;1
ZAF;Northern Province;1780711;Median duration of exclusive breastfeeding;2.4;1;ZA;South Africa;2016;ZA2016DHS;CN_BFDR_C_MDE;104336020;I;455009;1455009;Region;Northern Province;0;;0;1;CNBFDRCMDE;ZADHS2016455009;2016;DHS;;;;;1
ZAF;Western  Cape;6494941;Women receiving an HIV test and receiving test results in the last 12 months;62;1;ZA;South Africa;2016;ZA2016DHS;HA_CPHT_W_T1R;135563070;I;455001;1455001;Region;Western  Cape;0;;0;1;HACPHTWT1R;ZADHS2016455001;2016;DHS;995;656;;;
ZAF;Eastern Cape;3869224;Women receiving an HIV test and receiving test results in the last 12 months;59.3;1;ZA;South Africa;2016;ZA2016DHS;HA_CPHT_W_T1R;135563070;I;455002;1455002;Region;Eastern Cape;0;;0;1;HACPHTWT1R;ZADHS2016455002;2016;DHS;938;1041;;;1
ZAF;Northern Cape;3760732;Women receiving an HIV test and receiving test results in the last 12 months;52.3;1;ZA;South Africa;2016;ZA2016DHS;HA_CPHT_W_T1R;135563070;I;455003;1455003;Region;Northern Cape;0;;0;1;HACPHTWT1R;ZADHS2016455003;2016;DHS;173;718;;;1
ZAF;Free State;1839928;Women receiving an HIV test and receiving test results in the last 12 months;58.3;1;ZA;South Africa;2016;ZA2016DHS;HA_CPHT_W_T1R;135563070;I;455004;1455004;Region;Free State;0;;0;1;HACPHTWT1R;ZADHS2016455004;2016;DHS;442;854;;;1
ZAF;KwaZulu Natal;4141834;Women receiving an HIV test and receiving test results in the last 12 months;58.3;1;ZA;South Africa;2016;ZA2016DHS;HA_CPHT_W_T1R;135563070;I;455005;1455005;Region;KwaZulu Natal;0;;0;1;HACPHTWT1R;ZADHS2016455005;2016;DHS;1616;1360;;;1
ZAF;North West;5861845;Women receiving an HIV test and receiving test results in the last 12 months;61.4;1;ZA;South Africa;2016;ZA2016DHS;HA_CPHT_W_T1R;135563070;I;455006;1455006;Region;North West;0;;0;1;HACPHTWT1R;ZADHS2016455006;2016;DHS;570;863;;;1
ZAF;Gauteng;2808580;Women receiving an HIV test and receiving test results in the last 12 months;54.1;1;ZA;South Africa;2016;ZA2016DHS;HA_CPHT_W_T1R;135563070;I;455007;1455007;Region;Gauteng;0;;0;1;HACPHTWT1R;ZADHS2016455007;2016;DHS;2284;863;;;1
ZAF;Mpumalanga;5218140;Women receiving an HIV test and receiving test results in the last 12 months;61.6;1;ZA;South Africa;2016;ZA2016DHS;HA_CPHT_W_T1R;135563070;I;455008;1455008;Region;Mpumalanga;0;;0;1;HACPHTWT1R;ZADHS2016455008;2016;DHS;671;1054;;;1
ZAF;Northern Province;4866317;Women receiving an HIV test and receiving test results in the last 12 months;63.2;1;ZA;South Africa;2016;ZA2016DHS;HA_CPHT_W_T1R;135563070;I;455009;1455009;Region;Northern Province;0;;0;1;HACPHTWT1R;ZADHS2016455009;2016;DHS;824;1105;;;1
ZAF;Western  Cape;2383144;Men receiving an HIV test and receiving test results in the last 12 months;55.7;1;ZA;South Africa;2016;ZA2016DHS;HA_CPHT_M_T1R;135564160;I;455001;1455001;Region;Western  Cape;0;;0;1;HACPHTMT1R;ZADHS2016455001;2016;DHS;328;186;;;
ZAF;Eastern Cape;2172485;Men receiving an HIV test and receiving test results in the last 12 months;45.6;1;ZA;South Africa;2016;ZA2016DHS;HA_CPHT_M_T1R;135564160;I;455002;1455002;Region;Eastern Cape;0;;0;1;HACPHTMT1R;ZADHS2016455002;2016;DHS;362;411;;;1
ZAF;Northern Cape;2189643;Men receiving an HIV test and receiving test results in the last 12 months;37.6;1;ZA;South Africa;2016;ZA2016DHS;HA_CPHT_M_T1R;135564160;I;455003;1455003;Region;Northern Cape;0;;0;1;HACPHTMT1R;ZADHS2016455003;2016;DHS;61;251;;;1
ZAF;Free State;1109055;Men receiving an HIV test and receiving test results in the last 12 months;52.1;1;ZA;South Africa;2016;ZA2016DHS;HA_CPHT_M_T1R;135564160;I;455004;1455004;Region;Free State;0;;0;1;HACPHTMT1R;ZADHS2016455004;2016;DHS;159;295;;;1
ZAF;KwaZulu Natal;3599353;Men receiving an HIV test and receiving test results in the last 12 months;44.9;1;ZA;South Africa;2016;ZA2016DHS;HA_CPHT_M_T1R;135564160;I;455005;1455005;Region;KwaZulu Natal;0;;0;1;HACPHTMT1R;ZADHS2016455005;2016;DHS;521;471;;;1
ZAF;North West;5465924;Men receiving an HIV test and receiving test results in the last 12 months;44.3;1;ZA;South Africa;2016;ZA2016DHS;HA_CPHT_M_T1R;135564160;I;455006;1455006;Region;North West;0;;0;1;HACPHTMT1R;ZADHS2016455006;2016;DHS;237;379;;;1
ZAF;Gauteng;6125229;Men receiving an HIV test and receiving test results in the last 12 months;41;1;ZA;South Africa;2016;ZA2016DHS;HA_CPHT_M_T1R;135564160;I;455007;1455007;Region;Gauteng;0;;0;1;HACPHTMT1R;ZADHS2016455007;2016;DHS;984;371;;;1
ZAF;Mpumalanga;2383074;Men receiving an HIV test and receiving test results in the last 12 months;49.7;1;ZA;South Africa;2016;ZA2016DHS;HA_CPHT_M_T1R;135564160;I;455008;1455008;Region;Mpumalanga;0;;0;1;HACPHTMT1R;ZADHS2016455008;2016;DHS;263;413;;;1
ZAF;Northern Province;4150416;Men receiving an HIV test and receiving test results in the last 12 months;35;1;ZA;South Africa;2016;ZA2016DHS;HA_CPHT_M_T1R;135564160;I;455009;1455009;Region;Northern Province;0;;0;1;HACPHTMT1R;ZADHS2016455009;2016;DHS;288;402;;;1
ZAF;Western  Cape;4324570;HIV prevalence among women;18.2;1;ZA;South Africa;2016;ZA2016DHS;HA_HIVP_W_HIV;135963160;I;455001;1455001;Region;Western  Cape;0;;0;1;HAHIVPWHIV;ZADHS2016455001;2016;DHS;249;150;10.5;25.9;
ZAF;Eastern Cape;714777;HIV prevalence among women;30.2;1;ZA;South Africa;2016;ZA2016DHS;HA_HIVP_W_HIV;135963160;I;455002;1455002;Region;Eastern Cape;0;;0;1;HAHIVPWHIV;ZADHS2016455002;2016;DHS;264;384;24.9;35.5;1
ZAF;Northern Cape;3170019;HIV prevalence among women;13.5;1;ZA;South Africa;2016;ZA2016DHS;HA_HIVP_W_HIV;135963160;I;455003;1455003;Region;Northern Cape;0;;0;1;HAHIVPWHIV;ZADHS2016455003;2016;DHS;49;183;8.1;18.9;1
ZAF;Free State;6804786;HIV prevalence among women;28.1;1;ZA;South Africa;2016;ZA2016DHS;HA_HIVP_W_HIV;135963160;I;455004;1455004;Region;Free State;0;;0;1;HAHIVPWHIV;ZADHS2016455004;2016;DHS;123;315;22.5;33.8;1
ZAF;KwaZulu Natal;6886661;HIV prevalence among women;37.3;1;ZA;South Africa;2016;ZA2016DHS;HA_HIVP_W_HIV;135963160;I;455005;1455005;Region;KwaZulu Natal;0;;0;1;HAHIVPWHIV;ZADHS2016455005;2016;DHS;486;428;30.9;43.8;1
ZAF;North West;3930868;HIV prevalence among women;29.6;1;ZA;South Africa;2016;ZA2016DHS;HA_HIVP_W_HIV;135963160;I;455006;1455006;Region;North West;0;;0;1;HAHIVPWHIV;ZADHS2016455006;2016;DHS;161;339;23.7;35.6;1
ZAF;Gauteng;6841963;HIV prevalence among women;25.3;1;ZA;South Africa;2016;ZA2016DHS;HA_HIVP_W_HIV;135963160;I;455007;1455007;Region;Gauteng;0;;0;1;HAHIVPWHIV;ZADHS2016455007;2016;DHS;690;217;19.2;31.4;1
ZAF;Mpumalanga;741587;HIV prevalence among women;34;1;ZA;South Africa;2016;ZA2016DHS;HA_HIVP_W_HIV;135963160;I;455008;1455008;Region;Mpumalanga;0;;0;1;HAHIVPWHIV;ZADHS2016455008;2016;DHS;211;383;26.7;41.4;1
ZAF;Northern Province;6818582;HIV prevalence among women;14.5;1;ZA;South Africa;2016;ZA2016DHS;HA_HIVP_W_HIV;135963160;I;455009;1455009;Region;Northern Province;0;;0;1;HAHIVPWHIV;ZADHS2016455009;2016;DHS;250;327;10.2;18.8;1
ZAF;Western  Cape;744360;HIV prevalence among men;17.3;1;ZA;South Africa;2016;ZA2016DHS;HA_HIVP_M_HIV;135964190;I;455001;1455001;Region;Western  Cape;0;;0;1;HAHIVPMHIV;ZADHS2016455001;2016;DHS;206;74;2.9;31.7;
ZAF;Eastern Cape;6730775;HIV prevalence among men;8.2;1;ZA;South Africa;2016;ZA2016DHS;HA_HIVP_M_HIV;135964190;I;455002;1455002;Region;Eastern Cape;0;;0;1;HAHIVPMHIV;ZADHS2016455002;2016;DHS;247;274;4.7;11.7;1
ZAF;Northern Cape;6865878;HIV prevalence among men;10.4;1;ZA;South Africa;2016;ZA2016DHS;HA_HIVP_M_HIV;135964190;I;455003;1455003;Region;Northern Cape;0;;0;1;HAHIVPMHIV;ZADHS2016455003;2016;DHS;42;108;3.6;17.2;1
ZAF;Free State;5077096;HIV prevalence among men;17.2;1;ZA;South Africa;2016;ZA2016DHS;HA_HIVP_M_HIV;135964190;I;455004;1455004;Region;Free State;0;;0;1;HAHIVPMHIV;ZADHS2016455004;2016;DHS;109;216;11.3;23.1;1
ZAF;KwaZulu Natal;6853878;HIV prevalence among men;19.2;1;ZA;South Africa;2016;ZA2016DHS;HA_HIVP_M_HIV;135964190;I;455005;1455005;Region;KwaZulu Natal;0;;0;1;HAHIVPMHIV;ZADHS2016455005;2016;DHS;363;274;14.1;24.4;1
ZAF;North West;6837768;HIV prevalence among men;15.5;1;ZA;South Africa;2016;ZA2016DHS;HA_HIVP_M_HIV;135964190;I;455006;1455006;Region;North West;0;;0;1;HAHIVPMHIV;ZADHS2016455006;2016;DHS;165;290;9.5;21.5;1
ZAF;Gauteng;6663772;HIV prevalence among men;14.9;1;ZA;South Africa;2016;ZA2016DHS;HA_HIVP_M_HIV;135964190;I;455007;1455007;Region;Gauteng;0;;0;1;HAHIVPMHIV;ZADHS2016455007;2016;DHS;675;163;7.5;22.3;1
ZAF;Mpumalanga;6817556;HIV prevalence among men;15.7;1;ZA;South Africa;2016;ZA2016DHS;HA_HIVP_M_HIV;135964190;I;455008;1455008;Region;Mpumalanga;0;;0;1;HAHIVPMHIV;ZADHS2016455008;2016;DHS;193;263;10.4;21;1
ZAF;Northern Province;3810794;HIV prevalence among men;5.3;1;ZA;South Africa;2016;ZA2016DHS;HA_HIVP_M_HIV;135964190;I;455009;1455009;Region;Northern Province;0;;0;1;HAHIVPMHIV;ZADHS2016455009;2016;DHS;199;201;0.9;9.8;1
ZAF;Western  Cape;6844899;HIV prevalence among general population;17.8;1;ZA;South Africa;2016;ZA2016DHS;HA_HIVP_B_HIV;135965220;I;455001;1455001;Region;Western  Cape;0;;0;1;HAHIVPBHIV;ZADHS2016455001;2016;DHS;454;224;9.2;26.4;
ZAF;Eastern Cape;669493;HIV prevalence among general population;19.6;1;ZA;South Africa;2016;ZA2016DHS;HA_HIVP_B_HIV;135965220;I;455002;1455002;Region;Eastern Cape;0;;0;1;HAHIVPBHIV;ZADHS2016455002;2016;DHS;512;658;16;23.1;1
ZAF;Northern Cape;4936130;HIV prevalence among general population;12.1;1;ZA;South Africa;2016;ZA2016DHS;HA_HIVP_B_HIV;135965220;I;455003;1455003;Region;Northern Cape;0;;0;1;HAHIVPBHIV;ZADHS2016455003;2016;DHS;92;291;6.7;17.4;1
ZAF;Free State;733082;HIV prevalence among general population;23;1;ZA;South Africa;2016;ZA2016DHS;HA_HIVP_B_HIV;135965220;I;455004;1455004;Region;Free State;0;;0;1;HAHIVPBHIV;ZADHS2016455004;2016;DHS;232;531;18.5;27.5;1
ZAF;KwaZulu Natal;157293;HIV prevalence among general population;29.6;1;ZA;South Africa;2016;ZA2016DHS;HA_HIVP_B_HIV;135965220;I;455005;1455005;Region;KwaZulu Natal;0;;0;1;HAHIVPBHIV;ZADHS2016455005;2016;DHS;850;702;24.3;34.9;1
ZAF;North West;6868648;HIV prevalence among general population;22.5;1;ZA;South Africa;2016;ZA2016DHS;HA_HIVP_B_HIV;135965220;I;455006;1455006;Region;North West;0;;0;1;HAHIVPBHIV;ZADHS2016455006;2016;DHS;326;629;19;25.9;1
ZAF;Gauteng;166114;HIV prevalence among general population;20.2;1;ZA;South Africa;2016;ZA2016DHS;HA_HIVP_B_HIV;135965220;I;455007;1455007;Region;Gauteng;0;;0;1;HAHIVPBHIV;ZADHS2016455007;2016;DHS;1365;380;15.4;25;1
ZAF;Mpumalanga;6783385;HIV prevalence among general population;25.3;1;ZA;South Africa;2016;ZA2016DHS;HA_HIVP_B_HIV;135965220;I;455008;1455008;Region;Mpumalanga;0;;0;1;HAHIVPBHIV;ZADHS2016455008;2016;DHS;404;646;20.9;29.6;1
ZAF;Northern Province;714479;HIV prevalence among general population;10.4;1;ZA;South Africa;2016;ZA2016DHS;HA_HIVP_B_HIV;135965220;I;455009;1455009;Region;Northern Province;0;;0;1;HAHIVPBHIV;ZADHS2016455009;2016;DHS;450;528;7.5;13.3;1
ZAF;Western  Cape;4810527;Physical or sexual violence committed by husband/partner;18.1;1;ZA;South Africa;2016;ZA2016DHS;DV_SPVL_W_POS;197433060;I;455001;1455001;Region;Western  Cape;0;;0;1;DVSPVLWPOS;ZADHS2016455001;2016;DHS;286;221;;;
ZAF;Eastern Cape;5040253;Physical or sexual violence committed by husband/partner;26.5;1;ZA;South Africa;2016;ZA2016DHS;DV_SPVL_W_POS;197433060;I;455002;1455002;Region;Eastern Cape;0;;0;1;DVSPVLWPOS;ZADHS2016455002;2016;DHS;214;268;;;1
ZAF;Northern Cape;2741634;Physical or sexual violence committed by husband/partner;16;1;ZA;South Africa;2016;ZA2016DHS;DV_SPVL_W_POS;197433060;I;455003;1455003;Region;Northern Cape;0;;0;1;DVSPVLWPOS;ZADHS2016455003;2016;DHS;46;231;;;1
ZAF;Free State;4990204;Physical or sexual violence committed by husband/partner;21.9;1;ZA;South Africa;2016;ZA2016DHS;DV_SPVL_W_POS;197433060;I;455004;1455004;Region;Free State;0;;0;1;DVSPVLWPOS;ZADHS2016455004;2016;DHS;112;244;;;1
ZAF;KwaZulu Natal;4130103;Physical or sexual violence committed by husband/partner;12.4;1;ZA;South Africa;2016;ZA2016DHS;DV_SPVL_W_POS;197433060;I;455005;1455005;Region;KwaZulu Natal;0;;0;1;DVSPVLWPOS;ZADHS2016455005;2016;DHS;229;208;;;1
ZAF;North West;3051480;Physical or sexual violence committed by husband/partner;20;1;ZA;South Africa;2016;ZA2016DHS;DV_SPVL_W_POS;197433060;I;455006;1455006;Region;North West;0;;0;1;DVSPVLWPOS;ZADHS2016455006;2016;DHS;158;262;;;1
ZAF;Gauteng;3582601;Physical or sexual violence committed by husband/partner;11.9;1;ZA;South Africa;2016;ZA2016DHS;DV_SPVL_W_POS;197433060;I;455007;1455007;Region;Gauteng;0;;0;1;DVSPVLWPOS;ZADHS2016455007;2016;DHS;693;289;;;1
ZAF;Mpumalanga;2314459;Physical or sexual violence committed by husband/partner;18.7;1;ZA;South Africa;2016;ZA2016DHS;DV_SPVL_W_POS;197433060;I;455008;1455008;Region;Mpumalanga;0;;0;1;DVSPVLWPOS;ZADHS2016455008;2016;DHS;179;308;;;1
ZAF;Northern Province;4520963;Physical or sexual violence committed by husband/partner;9.4;1;ZA;South Africa;2016;ZA2016DHS;DV_SPVL_W_POS;197433060;I;455009;1455009;Region;Northern Province;0;;0;1;DVSPVLWPOS;ZADHS2016455009;2016;DHS;192;323;;;1
ZAF;Western  Cape;6525694;Women with secondary or higher education;92.4;1;ZA;South Africa;2016;ZA2016DHS;ED_EDUC_W_SEH;231203100;I;455001;1455001;Region;Western  Cape;0;;0;1;EDEDUCWSEH;ZADHS2016455001;2016;DHS;995;656;;;
ZAF;Eastern Cape;5012642;Women with secondary or higher education;83.7;1;ZA;South Africa;2016;ZA2016DHS;ED_EDUC_W_SEH;231203100;I;455002;1455002;Region;Eastern Cape;0;;0;1;EDEDUCWSEH;ZADHS2016455002;2016;DHS;938;1041;;;1
ZAF;Northern Cape;5606238;Women with secondary or higher education;85.8;1;ZA;South Africa;2016;ZA2016DHS;ED_EDUC_W_SEH;231203100;I;455003;1455003;Region;Northern Cape;0;;0;1;EDEDUCWSEH;ZADHS2016455003;2016;DHS;173;718;;;1
ZAF;Free State;6055590;Women with secondary or higher education;90.1;1;ZA;South Africa;2016;ZA2016DHS;ED_EDUC_W_SEH;231203100;I;455004;1455004;Region;Free State;0;;0;1;EDEDUCWSEH;ZADHS2016455004;2016;DHS;442;854;;;1
ZAF;KwaZulu Natal;3315184;Women with secondary or higher education;87.8;1;ZA;South Africa;2016;ZA2016DHS;ED_EDUC_W_SEH;231203100;I;455005;1455005;Region;KwaZulu Natal;0;;0;1;EDEDUCWSEH;ZADHS2016455005;2016;DHS;1616;1360;;;1
ZAF;North West;4765848;Women with secondary or higher education;84.6;1;ZA;South Africa;2016;ZA2016DHS;ED_EDUC_W_SEH;231203100;I;455006;1455006;Region;North West;0;;0;1;EDEDUCWSEH;ZADHS2016455006;2016;DHS;570;863;;;1
ZAF;Gauteng;5564044;Women with secondary or higher education;91.2;1;ZA;South Africa;2016;ZA2016DHS;ED_EDUC_W_SEH;231203100;I;455007;1455007;Region;Gauteng;0;;0;1;EDEDUCWSEH;ZADHS2016455007;2016;DHS;2284;863;;;1
ZAF;Mpumalanga;4806938;Women with secondary or higher education;86.7;1;ZA;South Africa;2016;ZA2016DHS;ED_EDUC_W_SEH;231203100;I;455008;1455008;Region;Mpumalanga;0;;0;1;EDEDUCWSEH;ZADHS2016455008;2016;DHS;671;1054;;;1
ZAF;Northern Province;5275840;Women with secondary or higher education;91.3;1;ZA;South Africa;2016;ZA2016DHS;ED_EDUC_W_SEH;231203100;I;455009;1455009;Region;Northern Province;0;;0;1;EDEDUCWSEH;ZADHS2016455009;2016;DHS;824;1105;;;1
ZAF;Western  Cape;5744108;Women who are literate;99.1;1;ZA;South Africa;2016;ZA2016DHS;ED_LITR_W_LIT;231233090;I;455001;1455001;Region;Western  Cape;0;;0;1;EDLITRWLIT;ZADHS2016455001;2016;DHS;995;656;;;
ZAF;Eastern Cape;4153014;Women who are literate;95.1;1;ZA;South Africa;2016;ZA2016DHS;ED_LITR_W_LIT;231233090;I;455002;1455002;Region;Eastern Cape;0;;0;1;EDLITRWLIT;ZADHS2016455002;2016;DHS;938;1041;;;1
ZAF;Northern Cape;1074519;Women who are literate;96.4;1;ZA;South Africa;2016;ZA2016DHS;ED_LITR_W_LIT;231233090;I;455003;1455003;Region;Northern Cape;0;;0;1;EDLITRWLIT;ZADHS2016455003;2016;DHS;173;718;;;1
ZAF;Free State;311142;Women who are literate;98.6;1;ZA;South Africa;2016;ZA2016DHS;ED_LITR_W_LIT;231233090;I;455004;1455004;Region;Free State;0;;0;1;EDLITRWLIT;ZADHS2016455004;2016;DHS;442;854;;;1
ZAF;KwaZulu Natal;3745921;Women who are literate;96.5;1;ZA;South Africa;2016;ZA2016DHS;ED_LITR_W_LIT;231233090;I;455005;1455005;Region;KwaZulu Natal;0;;0;1;EDLITRWLIT;ZADHS2016455005;2016;DHS;1616;1360;;;1
ZAF;North West;311165;Women who are literate;93.8;1;ZA;South Africa;2016;ZA2016DHS;ED_LITR_W_LIT;231233090;I;455006;1455006;Region;North West;0;;0;1;EDLITRWLIT;ZADHS2016455006;2016;DHS;570;863;;;1
ZAF;Gauteng;4377235;Women who are literate;96;1;ZA;South Africa;2016;ZA2016DHS;ED_LITR_W_LIT;231233090;I;455007;1455007;Region;Gauteng;0;;0;1;EDLITRWLIT;ZADHS2016455007;2016;DHS;2284;863;;;1
ZAF;Mpumalanga;303861;Women who are literate;94.8;1;ZA;South Africa;2016;ZA2016DHS;ED_LITR_W_LIT;231233090;I;455008;1455008;Region;Mpumalanga;0;;0;1;EDLITRWLIT;ZADHS2016455008;2016;DHS;671;1054;;;1
ZAF;Northern Province;6179796;Women who are literate;96.8;1;ZA;South Africa;2016;ZA2016DHS;ED_LITR_W_LIT;231233090;I;455009;1455009;Region;Northern Province;0;;0;1;EDLITRWLIT;ZADHS2016455009;2016;DHS;824;1105;;;1
ZAF;Western  Cape;4263823;Households with electricity;99.1;1;ZA;South Africa;2016;ZA2016DHS;HC_ELEC_H_ELC;260321010;I;455001;1455001;Region;Western  Cape;0;;0;1;HCELECHELC;ZADHS2016455001;2016;DHS;1206;969;;;
ZAF;Eastern Cape;1694773;Households with electricity;81.9;1;ZA;South Africa;2016;ZA2016DHS;HC_ELEC_H_ELC;260321010;I;455002;1455002;Region;Eastern Cape;0;;0;1;HCELECHELC;ZADHS2016455002;2016;DHS;1301;1409;;;1
ZAF;Northern Cape;2246821;Households with electricity;91.3;1;ZA;South Africa;2016;ZA2016DHS;HC_ELEC_H_ELC;260321010;I;455003;1455003;Region;Northern Cape;0;;0;1;HCELECHELC;ZADHS2016455003;2016;DHS;210;913;;;1
ZAF;Free State;5294046;Households with electricity;93.7;1;ZA;South Africa;2016;ZA2016DHS;HC_ELEC_H_ELC;260321010;I;455004;1455004;Region;Free State;0;;0;1;HCELECHELC;ZADHS2016455004;2016;DHS;579;1127;;;1
ZAF;KwaZulu Natal;5341761;Households with electricity;90.4;1;ZA;South Africa;2016;ZA2016DHS;HC_ELEC_H_ELC;260321010;I;455005;1455005;Region;KwaZulu Natal;0;;0;1;HCELECHELC;ZADHS2016455005;2016;DHS;1968;1553;;;1
ZAF;North West;4740210;Households with electricity;90.1;1;ZA;South Africa;2016;ZA2016DHS;HC_ELEC_H_ELC;260321010;I;455006;1455006;Region;North West;0;;0;1;HCELECHELC;ZADHS2016455006;2016;DHS;833;1230;;;1
ZAF;Gauteng;2945973;Households with electricity;88.6;1;ZA;South Africa;2016;ZA2016DHS;HC_ELEC_H_ELC;260321010;I;455007;1455007;Region;Gauteng;0;;0;1;HCELECHELC;ZADHS2016455007;2016;DHS;3047;1252;;;1
ZAF;Mpumalanga;4324351;Households with electricity;81.1;1;ZA;South Africa;2016;ZA2016DHS;HC_ELEC_H_ELC;260321010;I;455008;1455008;Region;Mpumalanga;0;;0;1;HCELECHELC;ZADHS2016455008;2016;DHS;851;1257;;;1
ZAF;Northern Province;5743196;Households with electricity;97.6;1;ZA;South Africa;2016;ZA2016DHS;HC_ELEC_H_ELC;260321010;I;455009;1455009;Region;Northern Province;0;;0;1;HCELECHELC;ZADHS2016455009;2016;DHS;1087;1373;;;1
